"STATION","DATE","LATITUDE","LONGITUDE","ELEVATION","NAME","TEMP","TEMP_ATTRIBUTES","DEWP","DEWP_ATTRIBUTES","SLP","SLP_ATTRIBUTES","STP","STP_ATTRIBUTES","VISIB","VISIB_ATTRIBUTES","WDSP","WDSP_ATTRIBUTES","MXSPD","GUST","MAX","MAX_ATTRIBUTES","MIN","MIN_ATTRIBUTES","PRCP","PRCP_ATTRIBUTES","SNDP","FRSHTT"
"72502014734","2022-01-01","40.68275","-74.16927","1.9","NEWARK LIBERTY INTERNATIONAL AIRPORT, NJ US","  51.6","24","  50.2","24","1010.1","24","009.3","24","  6.4","24","  3.4","24","  9.9","999.9","  55.0"," ","  46.9"," "," 0.02","G","999.9","010000"
"72502014734","2022-01-02","40.68275","-74.16927","1.9","NEWARK LIBERTY INTERNATIONAL AIRPORT, NJ US","  53.5","24","  51.4","24","1003.3","18","001.9","24","  7.2","24","  7.2","24"," 17.1"," 25.1","  59.0"," ","  44.1"," "," 0.83","G","999.9","010000"
"72502014734","2022-01-03","40.68275","-74.16927","1.9","NEWARK LIBERTY INTERNATIONAL AIRPORT, NJ US","  32.6","24","  18.1","24","1017.5","24","016.6","24"," 10.0","24"," 14.9","24"," 20.0"," 28.9","  59.0"," ","  26.1"," "," 0.04","G","999.9","000000"
"72502014734","2022-01-04","40.68275","-74.16927","1.9","NEWARK LIBERTY INTERNATIONAL AIRPORT, NJ US","  25.0","24","   8.5","24","1027.3","24","026.4","24"," 10.0","24","  8.5","24"," 14.0"," 19.0","  36.0"," ","  18.0"," "," 0.00","G","999.9","000000"
"72502014734","2022-01-05","40.68275","-74.16927","1.9","NEWARK LIBERTY INTERNATIONAL AIRPORT, NJ US","  33.6","24","  27.6","24","1020.1","18","017.6","24","  8.9","24","  5.2","24"," 13.0","999.9","  46.0"," ","  18.0"," "," 0.03","G","999.9","011000"
"72502014734","2022-01-06","40.68275","-74.16927","1.9","NEWARK LIBERTY INTERNATIONAL AIRPORT, NJ US","  35.9","24","  25.6","24","1009.9","24","009.0","24"," 10.0","24","  8.6","24"," 15.9"," 24.1","  46.0"," ","  25.0"," "," 0.11","G","999.9","000000"
"72502014734","2022-01-07","40.68275","-74.16927","1.9","NEWARK LIBERTY INTERNATIONAL AIRPORT, NJ US","  30.1","24","  20.8","24","1012.2","20","010.3","24","  7.6","24"," 11.4","24"," 22.9"," 29.9","  37.9"," ","  27.0"," "," 0.26","G","  3.9","001000"
"72502014734","2022-01-08","40.68275","-74.16927","1.9","NEWARK LIBERTY INTERNATIONAL AIRPORT, NJ US","  23.9","24","   8.7","24","1030.0","24","029.0","24"," 10.0","24","  8.3","24"," 15.0"," 22.0","  33.1"," ","  19.0"," "," 0.01","G","  3.1","000000"
"72502014734","2022-01-09","40.68275","-74.16927","1.9","NEWARK LIBERTY INTERNATIONAL AIRPORT, NJ US","  29.5","24","  21.0","24","1027.3","24","026.5","24","  9.8","24","  8.5","24"," 17.1"," 24.1","  37.0"," ","  19.0"," "," 0.00","G","  1.2","010000"
"72502014734","2022-01-10","40.68275","-74.16927","1.9","NEWARK LIBERTY INTERNATIONAL AIRPORT, NJ US","  31.8","24","  19.0","24","1018.6","24","017.4","24","  9.6","24"," 13.6","24"," 20.0"," 27.0","  37.9"," ","  21.9"," "," 0.08","G","  2.0","010000"
"72502014734","2022-01-11","40.68275","-74.16927","1.9","NEWARK LIBERTY INTERNATIONAL AIRPORT, NJ US","  19.4","24","  -0.0","24","1028.6","24","027.7","24"," 10.0","24"," 12.6","24"," 24.1"," 34.0","  37.9"," ","  15.1"," "," 0.00","G","999.9","001000"
"72502014734","2022-01-12","40.68275","-74.16927","1.9","NEWARK LIBERTY INTERNATIONAL AIRPORT, NJ US","  24.9","24","   8.5","24","1026.0","24","025.1","24"," 10.0","24","  7.6","24"," 15.0"," 22.9","  39.9"," ","  15.1"," "," 0.00","G","999.9","000000"
"72502014734","2022-01-13","40.68275","-74.16927","1.9","NEWARK LIBERTY INTERNATIONAL AIRPORT, NJ US","  36.1","24","  23.1","24","1016.7","24","015.7","24"," 10.0","24","  1.9","24","  8.0","999.9","  46.9"," ","  17.1"," "," 0.00","G","999.9","000000"
"72502014734","2022-01-14","40.68275","-74.16927","1.9","NEWARK LIBERTY INTERNATIONAL AIRPORT, NJ US","  38.5","24","  29.0","24","1009.5","24","008.6","24"," 10.0","24"," 13.0","24"," 26.0"," 33.0","  46.9"," ","  27.0"," "," 0.00","G","999.9","000000"
"72502014734","2022-01-15","40.68275","-74.16927","1.9","NEWARK LIBERTY INTERNATIONAL AIRPORT, NJ US","  18.8","24","  -1.1","24","1021.0","24","020.0","24"," 10.0","24"," 13.1","24"," 21.0"," 26.0","  44.1"," ","  10.0"," "," 0.00","G","999.9","000000"
"72502014734","2022-01-16","40.68275","-74.16927","1.9","NEWARK LIBERTY INTERNATIONAL AIRPORT, NJ US","  14.9","24","   2.0","24","1027.9","22","027.1","24"," 10.0","24","  9.6","24"," 14.0","999.9","  28.9"," ","   6.1"," "," 0.00","G","999.9","001000"
"72502014734","2022-01-17","40.68275","-74.16927","1.9","NEWARK LIBERTY INTERNATIONAL AIRPORT, NJ US","  37.2","24","  34.1","24"," 993.0","20","993.2","24","  7.2","24"," 14.0","24"," 21.0"," 34.0","  44.1","*","  28.9","*"," 1.82","G","999.9","011000"
"72502014734","2022-01-18","40.68275","-74.16927","1.9","NEWARK LIBERTY INTERNATIONAL AIRPORT, NJ US","  33.0","24","  16.3","24","1005.7","24","004.7","24"," 10.0","24"," 16.6","24"," 24.1"," 33.0","  44.1"," ","  28.9"," "," 0.02","G","999.9","001000"
"72502014734","2022-01-19","40.68275","-74.16927","1.9","NEWARK LIBERTY INTERNATIONAL AIRPORT, NJ US","  34.3","24","  20.2","24","1019.1","24","018.2","24"," 10.0","24","  7.0","24"," 15.9"," 25.1","  48.9"," ","  24.1"," "," 0.00","G","999.9","000000"
"72502014734","2022-01-20","40.68275","-74.16927","1.9","NEWARK LIBERTY INTERNATIONAL AIRPORT, NJ US","  37.3","24","  27.0","24","1018.2","24","017.1","24","  8.3","24","  9.4","24"," 15.0"," 22.9","  48.9"," ","  24.1"," "," 0.14","G","999.9","011000"
"72502014734","2022-01-21","40.68275","-74.16927","1.9","NEWARK LIBERTY INTERNATIONAL AIRPORT, NJ US","  18.8","24","   0.9","24","1031.9","24","030.9","24"," 10.0","24"," 13.9","24"," 15.9"," 24.1","  42.1"," ","  12.9"," "," 0.11","G","999.9","000000"
"72502014734","2022-01-22","40.68275","-74.16927","1.9","NEWARK LIBERTY INTERNATIONAL AIRPORT, NJ US","  18.5","24","   1.6","24","1030.1","24","029.2","24"," 10.0","24"," 10.2","24"," 15.9","999.9","  30.0"," ","  10.0"," "," 0.00","G","999.9","000000"
"72502014734","2022-01-23","40.68275","-74.16927","1.9","NEWARK LIBERTY INTERNATIONAL AIRPORT, NJ US","  25.9","24","   9.0","24","1015.3","24","014.4","24"," 10.0","24","  6.9","24"," 12.0","999.9","  37.0"," ","  10.0"," "," 0.00","G","999.9","001000"
"72502014734","2022-01-24","40.68275","-74.16927","1.9","NEWARK LIBERTY INTERNATIONAL AIRPORT, NJ US","  28.7","24","  22.0","24","1011.2","23","010.2","24","  9.1","24","  5.0","24"," 13.0","999.9","  37.0"," ","  16.0"," "," 0.01","G","999.9","001000"
"72502014734","2022-01-25","40.68275","-74.16927","1.9","NEWARK LIBERTY INTERNATIONAL AIRPORT, NJ US","  34.8","24","  24.2","24","1012.5","24","011.6","24"," 10.0","24","  6.5","24"," 13.0"," 19.0","  42.1"," ","  25.0"," "," 0.00","G","999.9","000000"
"72502014734","2022-01-26","40.68275","-74.16927","1.9","NEWARK LIBERTY INTERNATIONAL AIRPORT, NJ US","  25.1","24","   5.6","24","1024.9","24","024.0","24"," 10.0","24"," 10.7","24"," 15.9"," 25.1","  42.1"," ","  19.0"," "," 0.00","G","999.9","000000"
"72502014734","2022-01-27","40.68275","-74.16927","1.9","NEWARK LIBERTY INTERNATIONAL AIRPORT, NJ US","  21.0","24","   4.2","24","1030.5","24","029.5","24"," 10.0","24","  6.5","24"," 13.0"," 15.9","  32.0"," ","  10.9"," "," 0.00","G","999.9","000000"
"72502014734","2022-01-28","40.68275","-74.16927","1.9","NEWARK LIBERTY INTERNATIONAL AIRPORT, NJ US","  28.5","24","  17.4","24","1021.5","20","020.4","24","  7.5","24","  5.7","24"," 11.1","999.9","  32.0"," ","  10.9"," "," 0.00","G","999.9","001000"
"72502014734","2022-01-29","40.68275","-74.16927","1.9","NEWARK LIBERTY INTERNATIONAL AIRPORT, NJ US","  21.4","24","  17.9","24","1008.6","17","007.9","24","  2.7","24"," 16.8","24"," 26.0"," 33.0","  30.0","*","  15.8","*"," 0.24","G","  7.1","001000"
"72502014734","2022-01-30","40.68275","-74.16927","1.9","NEWARK LIBERTY INTERNATIONAL AIRPORT, NJ US","  15.3","24","  -0.0","24","1013.4","24","012.4","24"," 10.0","24"," 12.3","24"," 18.1"," 26.0","  27.0"," ","  10.0"," "," 0.08","G","  5.9","000000"
"72502014734","2022-01-31","40.68275","-74.16927","1.9","NEWARK LIBERTY INTERNATIONAL AIRPORT, NJ US","  21.3","24","   7.1","24","1025.2","24","024.3","24"," 10.0","24","  4.3","24","  9.9","999.9","  30.0"," ","  10.0"," "," 0.00","G","  5.1","000000"
"72502014734","2022-02-01","40.68275","-74.16927","1.9","NEWARK LIBERTY INTERNATIONAL AIRPORT, NJ US","  23.6","24","  12.4","24","1032.9","24","031.9","24"," 10.0","24","  5.3","24","  8.9","999.9","  35.1"," ","  10.9"," "," 0.00","G","  3.9","000000"
"72502014734","2022-02-02","40.68275","-74.16927","1.9","NEWARK LIBERTY INTERNATIONAL AIRPORT, NJ US","  33.4","24","  29.3","24","1032.1","18","030.6","24","  9.5","24","  3.8","24","  7.0","999.9","  44.1"," ","  12.9"," "," 0.00","G","  3.1","000000"
"72502014734","2022-02-03","40.68275","-74.16927","1.9","NEWARK LIBERTY INTERNATIONAL AIRPORT, NJ US","  39.8","24","  39.8","24","1024.8","14","023.9","24","  1.9","24","  2.3","24","  6.0","999.9","  44.1"," ","  24.1"," "," 0.03","G","  2.0","110000"
"72502014734","2022-02-04","40.68275","-74.16927","1.9","NEWARK LIBERTY INTERNATIONAL AIRPORT, NJ US","  42.2","24","  41.6","24","1013.7","19","012.4","24","  6.2","24","  8.8","24"," 18.1"," 22.9","  55.0"," ","  30.0"," "," 0.52","G","  2.0","011000"
"72502014734","2022-02-05","40.68275","-74.16927","1.9","NEWARK LIBERTY INTERNATIONAL AIRPORT, NJ US","  25.1","24","  15.3","24","1022.5","21","020.1","24","  9.9","24"," 14.0","24"," 22.0"," 31.1","  30.0","*","  21.0","*"," 0.42","G","999.9","011000"
"72502014734","2022-02-06","40.68275","-74.16927","1.9","NEWARK LIBERTY INTERNATIONAL AIRPORT, NJ US","  20.4","24","   7.2","24","1035.7","24","034.8","24"," 10.0","24","  7.7","24"," 15.0"," 21.0","  28.9"," ","  14.0"," "," 0.00","G","999.9","000000"
"72502014734","2022-02-07","40.68275","-74.16927","1.9","NEWARK LIBERTY INTERNATIONAL AIRPORT, NJ US","  30.5","24","  27.1","24","1027.8","17","027.1","24","  6.7","24","  6.1","24"," 11.1","999.9","  36.0"," ","  14.0"," "," 0.00","G","999.9","011000"
"72502014734","2022-02-08","40.68275","-74.16927","1.9","NEWARK LIBERTY INTERNATIONAL AIRPORT, NJ US","  37.5","24","  30.3","24","1014.3","24","013.4","24","  8.3","24","  9.2","24"," 17.1"," 24.1","  46.0"," ","  27.0"," "," 0.16","G","999.9","010000"
"72502014734","2022-02-09","40.68275","-74.16927","1.9","NEWARK LIBERTY INTERNATIONAL AIRPORT, NJ US","  34.4","24","  19.3","24","1017.7","24","016.7","24"," 10.0","24","  7.0","24","  9.9","999.9","  46.0"," ","  25.0"," "," 0.05","G","999.9","000000"
"72502014734","2022-02-10","40.68275","-74.16927","1.9","NEWARK LIBERTY INTERNATIONAL AIRPORT, NJ US","  42.1","24","  28.3","24","1011.9","24","010.9","24"," 10.0","24","  6.4","24"," 22.9"," 29.9","  55.0"," ","  25.0"," "," 0.00","G","999.9","000000"
"72502014734","2022-02-11","40.68275","-74.16927","1.9","NEWARK LIBERTY INTERNATIONAL AIRPORT, NJ US","  45.1","24","  23.1","24","1014.3","24","013.5","24"," 10.0","24","  5.4","24"," 19.0"," 26.0","  60.1"," ","  32.0"," "," 0.00","G","999.9","000000"
"72502014734","2022-02-12","40.68275","-74.16927","1.9","NEWARK LIBERTY INTERNATIONAL AIRPORT, NJ US","  52.5","24","  28.0","24","1012.8","24","011.6","24"," 10.0","24"," 10.6","24"," 21.0"," 26.0","  60.1"," ","  32.0"," "," 0.00","G","999.9","000000"
"72502014734","2022-02-13","40.68275","-74.16927","1.9","NEWARK LIBERTY INTERNATIONAL AIRPORT, NJ US","  36.0","24","  25.6","24","1019.1","16","018.9","24","  6.2","24","  9.7","24"," 14.0"," 21.0","  60.1"," ","  28.9"," "," 0.12","G","  2.0","011000"
"72502014734","2022-02-14","40.68275","-74.16927","1.9","NEWARK LIBERTY INTERNATIONAL AIRPORT, NJ US","  22.6","24","   4.6","24","1020.0","24","018.7","24"," 10.0","24"," 14.0","24"," 20.0"," 28.9","  42.1"," ","  16.0"," "," 0.05","G","  1.2","001000"
"72502014734","2022-02-15","40.68275","-74.16927","1.9","NEWARK LIBERTY INTERNATIONAL AIRPORT, NJ US","  22.2","24","   0.4","24","1034.2","24","033.3","24"," 10.0","24","  7.7","24"," 11.1"," 18.1","  32.0"," ","  16.0"," "," 0.00","G","  1.2","000000"
"72502014734","2022-02-16","40.68275","-74.16927","1.9","NEWARK LIBERTY INTERNATIONAL AIRPORT, NJ US","  32.3","24","  16.3","24","1038.6","24","037.7","24"," 10.0","24","  4.9","24","  9.9"," 17.1","  45.0"," ","  16.0"," "," 0.00","G","999.9","000000"
"72502014734","2022-02-17","40.68275","-74.16927","1.9","NEWARK LIBERTY INTERNATIONAL AIRPORT, NJ US","  54.2","24","  40.2","24","1023.4","24","022.4","24"," 10.0","24"," 11.2","24"," 24.1"," 32.1","  68.0","*","  42.1","*"," 0.00","G","999.9","000000"
"72502014734","2022-02-18","40.68275","-74.16927","1.9","NEWARK LIBERTY INTERNATIONAL AIRPORT, NJ US","  51.8","24","  38.2","24","1006.0","23","003.9","24","  9.3","24"," 18.3","24"," 28.0"," 56.9","  69.1"," ","  34.0"," "," 0.38","G","999.9","010000"
"72502014734","2022-02-19","40.68275","-74.16927","1.9","NEWARK LIBERTY INTERNATIONAL AIRPORT, NJ US","  31.1","24","  12.7","24","1016.5","24","015.2","24","  9.8","24"," 10.6","24"," 32.1"," 42.0","  41.0","*","  21.9","*"," 0.15","G","999.9","011000"
"72502014734","2022-02-20","40.68275","-74.16927","1.9","NEWARK LIBERTY INTERNATIONAL AIRPORT, NJ US","  27.1","24","   1.8","24","1028.5","24","027.6","24"," 10.0","24"," 12.1","24"," 22.9"," 31.1","  42.1"," ","  19.0"," "," 0.00","G","999.9","000000"
"72502014734","2022-02-21","40.68275","-74.16927","1.9","NEWARK LIBERTY INTERNATIONAL AIRPORT, NJ US","  37.8","24","  20.2","24","1026.9","24","026.0","24"," 10.0","24","  7.3","24"," 14.0"," 17.1","  55.9"," ","  19.0"," "," 0.00","G","999.9","000000"
"72502014734","2022-02-22","40.68275","-74.16927","1.9","NEWARK LIBERTY INTERNATIONAL AIRPORT, NJ US","  43.9","24","  37.0","24","1024.5","23","024.1","24","  8.7","24","  5.3","24"," 18.1"," 26.0","  59.0"," ","  26.1"," "," 0.00","G","999.9","010000"
"72502014734","2022-02-23","40.68275","-74.16927","1.9","NEWARK LIBERTY INTERNATIONAL AIRPORT, NJ US","  61.5","24","  51.1","24","1014.2","23","013.0","24","  9.9","24"," 13.2","24"," 22.9"," 36.9","  69.1","*","  51.1","*"," 0.13","G","999.9","010000"
"72502014734","2022-02-24","40.68275","-74.16927","1.9","NEWARK LIBERTY INTERNATIONAL AIRPORT, NJ US","  34.5","24","  14.1","24","1028.5","24","027.5","24"," 10.0","24"," 11.3","24"," 18.1"," 27.0","  51.1","*","  30.0","*"," 0.00","G","999.9","000000"
"72502014734","2022-02-25","40.68275","-74.16927","1.9","NEWARK LIBERTY INTERNATIONAL AIRPORT, NJ US","  34.1","24","  23.9","24","1022.6","20","020.8","24","  7.8","24","  8.4","24"," 18.1"," 29.9","  44.1"," ","  30.0"," "," 0.49","G","999.9","011000"
"72502014734","2022-02-26","40.68275","-74.16927","1.9","NEWARK LIBERTY INTERNATIONAL AIRPORT, NJ US","  30.5","24","  12.5","24","1028.4","24","027.4","24"," 10.0","24"," 11.7","24"," 20.0"," 29.9","  44.1"," ","  24.1"," "," 0.35","G","999.9","000000"
"72502014734","2022-02-27","40.68275","-74.16927","1.9","NEWARK LIBERTY INTERNATIONAL AIRPORT, NJ US","  35.2","24","  14.9","24","1019.4","24","018.4","24"," 10.0","24"," 11.3","24"," 21.0"," 29.9","  48.9"," ","  23.0"," "," 0.00","G","999.9","000000"
"72502014734","2022-02-28","40.68275","-74.16927","1.9","NEWARK LIBERTY INTERNATIONAL AIRPORT, NJ US","  34.1","24","   7.8","24","1021.1","24","020.1","24"," 10.0","24"," 12.1","24"," 18.1"," 26.0","  48.9"," ","  23.0"," "," 0.00","G","999.9","000000"
"72502014734","2022-03-01","40.68275","-74.16927","1.9","NEWARK LIBERTY INTERNATIONAL AIRPORT, NJ US","  36.9","24","  14.7","24","1022.9","24","022.0","24"," 10.0","24","  4.8","24","  9.9","999.9","  48.0"," ","  27.0"," "," 0.00","G","999.9","000000"
"72502014734","2022-03-02","40.68275","-74.16927","1.9","NEWARK LIBERTY INTERNATIONAL AIRPORT, NJ US","  46.0","24","  27.6","24","1014.6","24","013.7","24"," 10.0","24","  7.7","24"," 14.0"," 19.0","  54.0"," ","  30.0"," "," 0.00","G","999.9","000000"
"72502014734","2022-03-03","40.68275","-74.16927","1.9","NEWARK LIBERTY INTERNATIONAL AIRPORT, NJ US","  42.4","24","  22.2","24","1014.9","24","014.0","24"," 10.0","24"," 11.7","24"," 20.0"," 29.9","  54.0"," ","  33.1"," "," 0.06","G","999.9","010000"
"72502014734","2022-03-04","40.68275","-74.16927","1.9","NEWARK LIBERTY INTERNATIONAL AIRPORT, NJ US","  28.7","24","   2.5","24","1031.8","24","030.8","24"," 10.0","24"," 10.1","24"," 18.1"," 24.1","  46.0"," ","  19.9"," "," 0.00","A","999.9","000000"
"72502014734","2022-03-05","40.68275","-74.16927","1.9","NEWARK LIBERTY INTERNATIONAL AIRPORT, NJ US","  35.5","24","  14.2","24","1031.9","24","031.0","24"," 10.0","24","  5.0","24"," 12.0"," 18.1","  46.0"," ","  19.9"," "," 0.00","G","999.9","000000"
"72502014734","2022-03-06","40.68275","-74.16927","1.9","NEWARK LIBERTY INTERNATIONAL AIRPORT, NJ US","  50.7","24","  41.5","24","1020.3","21","019.2","24","  9.5","24","  6.6","24"," 22.0"," 28.0","  69.1","*","  42.1","*"," 0.00","G","999.9","010000"
"72502014734","2022-03-07","40.68275","-74.16927","1.9","NEWARK LIBERTY INTERNATIONAL AIRPORT, NJ US","  66.6","24","  53.5","24","1009.2","24","008.2","24"," 10.0","24"," 12.4","24"," 24.1"," 35.0","  75.9"," ","  44.1"," "," 0.04","G","999.9","010000"
"72502014734","2022-03-08","40.68275","-74.16927","1.9","NEWARK LIBERTY INTERNATIONAL AIRPORT, NJ US","  49.4","24","  26.2","24","1012.7","24","011.7","24"," 10.0","24"," 18.3","24"," 31.1"," 52.1","  75.9"," ","  39.9"," "," 0.01","G","999.9","010000"
"72502014734","2022-03-09","40.68275","-74.16927","1.9","NEWARK LIBERTY INTERNATIONAL AIRPORT, NJ US","  38.6","24","  24.1","24","1020.0","17","017.7","24","  7.3","24","  6.8","24"," 12.0"," 15.0","  44.1","*","  33.1","*"," 0.01","G","999.9","011000"
"72502014734","2022-03-10","40.68275","-74.16927","1.9","NEWARK LIBERTY INTERNATIONAL AIRPORT, NJ US","  38.7","24","  30.0","24","1019.5","20","018.6","24","  9.0","24","  4.8","24","  9.9","999.9","  50.0"," ","  30.0"," "," 0.59","G","999.9","110000"
"72502014734","2022-03-11","40.68275","-74.16927","1.9","NEWARK LIBERTY INTERNATIONAL AIRPORT, NJ US","  43.4","24","  27.4","24","1018.9","24","017.9","24"," 10.0","24","  3.9","24"," 12.0"," 15.9","  54.0"," ","  30.0"," "," 0.00","G","999.9","000000"
"72502014734","2022-03-12","40.68275","-74.16927","1.9","NEWARK LIBERTY INTERNATIONAL AIRPORT, NJ US","  39.6","24","  34.7","24","1002.8","16","999.8","24","  6.2","24"," 10.5","24"," 25.1"," 41.0","  54.0"," ","  25.0"," "," 0.01","G","999.9","111000"
"72502014734","2022-03-13","40.68275","-74.16927","1.9","NEWARK LIBERTY INTERNATIONAL AIRPORT, NJ US","  26.4","24","   8.7","24","1015.7","23","015.1","24","  9.9","24"," 16.5","24"," 22.9"," 35.0","  46.0"," ","  21.0"," "," 0.30","G","999.9","001000"
"72502014734","2022-03-14","40.68275","-74.16927","1.9","NEWARK LIBERTY INTERNATIONAL AIRPORT, NJ US","  40.8","24","  20.5","24","1027.4","24","026.4","24"," 10.0","24","  8.5","24"," 13.0"," 24.1","  57.9"," ","  21.0"," "," 0.00","G","999.9","000000"
"72502014734","2022-03-15","40.68275","-74.16927","1.9","NEWARK LIBERTY INTERNATIONAL AIRPORT, NJ US","  52.4","24","  29.7","24","1024.0","24","023.0","24"," 10.0","24","  7.1","24"," 13.0"," 21.0","  69.1"," ","  30.9"," "," 0.00","G","999.9","000000"
"72502014734","2022-03-16","40.68275","-74.16927","1.9","NEWARK LIBERTY INTERNATIONAL AIRPORT, NJ US","  57.2","24","  36.7","24","1021.2","24","020.2","24"," 10.0","24","  6.7","24"," 11.1"," 17.1","  69.1"," ","  37.9"," "," 0.00","G","999.9","010000"
"72502014734","2022-03-17","40.68275","-74.16927","1.9","NEWARK LIBERTY INTERNATIONAL AIRPORT, NJ US","  49.7","24","  45.9","24","1018.3","17","017.1","24","  4.8","24","  7.8","24"," 12.0","999.9","  66.0"," ","  45.0"," "," 0.00","G","999.9","010000"
"72502014734","2022-03-18","40.68275","-74.16927","1.9","NEWARK LIBERTY INTERNATIONAL AIRPORT, NJ US","  58.3","24","  50.6","24","1014.5","19","013.6","24","  7.3","24","  5.9","24","  8.9","999.9","  73.9"," ","  45.0"," "," 0.09","G","999.9","010000"
"72502014734","2022-03-19","40.68275","-74.16927","1.9","NEWARK LIBERTY INTERNATIONAL AIRPORT, NJ US","  55.7","24","  49.7","24","1010.5","22","010.1","24","  6.7","24","  6.0","24"," 18.1"," 26.0","  73.9"," ","  46.9"," "," 0.00","G","999.9","110000"
"72502014734","2022-03-20","40.68275","-74.16927","1.9","NEWARK LIBERTY INTERNATIONAL AIRPORT, NJ US","  57.7","24","  43.6","24","1007.8","23","006.5","24","  9.8","24"," 11.1","24"," 18.1"," 24.1","  71.1"," ","  46.9"," "," 0.15","G","999.9","010010"
"72502014734","2022-03-21","40.68275","-74.16927","1.9","NEWARK LIBERTY INTERNATIONAL AIRPORT, NJ US","  52.1","24","  25.4","24","1016.1","24","015.1","24"," 10.0","24"," 14.4","24"," 20.0"," 28.9","  64.9"," ","  44.1"," "," 0.00","G","999.9","000000"
"72502014734","2022-03-22","40.68275","-74.16927","1.9","NEWARK LIBERTY INTERNATIONAL AIRPORT, NJ US","  53.2","24","  17.5","24","1020.2","24","019.2","24"," 10.0","24"," 11.1","24"," 19.0"," 27.0","  64.9"," ","  44.1"," "," 0.00","G","999.9","000000"
"72502014734","2022-03-23","40.68275","-74.16927","1.9","NEWARK LIBERTY INTERNATIONAL AIRPORT, NJ US","  44.8","24","  16.4","24","1023.3","24","022.4","24"," 10.0","24","  8.9","24"," 14.0"," 19.0","  61.0"," ","  39.0"," "," 0.00","G","999.9","010000"
"72502014734","2022-03-24","40.68275","-74.16927","1.9","NEWARK LIBERTY INTERNATIONAL AIRPORT, NJ US","  42.9","24","  38.0","24","1015.0","21","014.5","24","  5.7","24"," 11.5","24"," 17.1"," 24.1","  46.9"," ","  39.0"," "," 0.45","G","999.9","010000"
"72502014734","2022-03-25","40.68275","-74.16927","1.9","NEWARK LIBERTY INTERNATIONAL AIRPORT, NJ US","  49.9","24","  39.7","24","1003.5","21","003.1","24","  8.4","24","  9.5","24"," 21.0"," 29.9","  60.1"," ","  39.9"," "," 0.56","G","999.9","010000"
"72502014734","2022-03-26","40.68275","-74.16927","1.9","NEWARK LIBERTY INTERNATIONAL AIRPORT, NJ US","  50.7","24","  32.4","24"," 999.4","23","998.1","24"," 10.0","24"," 11.4","24"," 21.0"," 27.0","  60.1"," ","  44.1"," "," 0.02","G","999.9","010010"
"72502014734","2022-03-27","40.68275","-74.16927","1.9","NEWARK LIBERTY INTERNATIONAL AIRPORT, NJ US","  41.9","24","  25.0","24","1002.1","22","001.3","24"," 10.0","24"," 13.7","24"," 22.0"," 35.0","  55.9"," ","  36.0"," "," 0.00","G","999.9","011000"
"72502014734","2022-03-28","40.68275","-74.16927","1.9","NEWARK LIBERTY INTERNATIONAL AIRPORT, NJ US","  28.8","24","   3.1","24","1011.9","23","010.7","24"," 10.0","24"," 18.3","24"," 25.1"," 32.1","  48.0"," ","  23.0"," "," 0.00","G","999.9","001000"
"72502014734","2022-03-29","40.68275","-74.16927","1.9","NEWARK LIBERTY INTERNATIONAL AIRPORT, NJ US","  29.9","24","   5.8","24","1019.6","24","018.7","24"," 10.0","24"," 17.2","24"," 24.1"," 33.0","  39.9"," ","  23.0"," "," 0.00","G","999.9","000000"
"72502014734","2022-03-30","40.68275","-74.16927","1.9","NEWARK LIBERTY INTERNATIONAL AIRPORT, NJ US","  36.4","24","   8.9","24","1022.5","24","021.7","24"," 10.0","24","  7.2","24"," 13.0","999.9","  48.0"," ","  24.1"," "," 0.00","G","999.9","000000"
"72502014734","2022-03-31","40.68275","-74.16927","1.9","NEWARK LIBERTY INTERNATIONAL AIRPORT, NJ US","  53.7","24","  42.9","24","1008.4","21","007.9","24","  8.7","24","  8.0","24"," 24.1"," 31.1","  71.1"," ","  28.9"," "," 0.00","G","999.9","010000"
"72502014734","2022-04-01","40.68275","-74.16927","1.9","NEWARK LIBERTY INTERNATIONAL AIRPORT, NJ US","  57.0","24","  44.3","24","1001.1","23","999.5","24","  9.8","24"," 14.8","24"," 27.0"," 35.0","  71.1"," ","  44.1"," "," 0.32","G","999.9","010010"
"72502014734","2022-04-02","40.68275","-74.16927","1.9","NEWARK LIBERTY INTERNATIONAL AIRPORT, NJ US","  45.7","24","  21.4","24","1015.7","24","014.7","24"," 10.0","24"," 12.8","24"," 19.0"," 28.9","  60.1"," ","  39.0"," "," 0.21","G","999.9","000000"
"72502014734","2022-04-03","40.68275","-74.16927","1.9","NEWARK LIBERTY INTERNATIONAL AIRPORT, NJ US","  44.3","24","  34.8","24","1011.1","23","010.0","24","  9.7","24","  3.8","24"," 14.0"," 22.0","  55.0"," ","  39.0"," "," 0.00","G","999.9","010000"
"72502014734","2022-04-04","40.68275","-74.16927","1.9","NEWARK LIBERTY INTERNATIONAL AIRPORT, NJ US","  45.7","24","  27.9","24","1013.4","24","012.5","24"," 10.0","24"," 11.7","24"," 17.1"," 27.0","  54.0"," ","  39.0"," "," 0.13","G","999.9","010000"
"72502014734","2022-04-05","40.68275","-74.16927","1.9","NEWARK LIBERTY INTERNATIONAL AIRPORT, NJ US","  49.1","24","  29.0","24","1017.0","24","016.0","24"," 10.0","24","  4.4","24","  8.9","999.9","  54.0"," ","  39.0"," "," 0.00","G","999.9","000000"
"72502014734","2022-04-06","40.68275","-74.16927","1.9","NEWARK LIBERTY INTERNATIONAL AIRPORT, NJ US","  48.6","24","  44.8","24","1010.5","22","009.5","24","  7.7","24"," 11.1","24"," 17.1"," 25.1","  54.0"," ","  42.1"," "," 0.41","G","999.9","010000"
"72502014734","2022-04-07","40.68275","-74.16927","1.9","NEWARK LIBERTY INTERNATIONAL AIRPORT, NJ US","  49.0","24","  44.9","24","1009.7","21","008.7","24","  7.3","24","  9.0","24"," 20.0"," 34.0","  53.1"," ","  45.0"," "," 0.33","G","999.9","010000"
"72502014734","2022-04-08","40.68275","-74.16927","1.9","NEWARK LIBERTY INTERNATIONAL AIRPORT, NJ US","  55.1","24","  41.4","24","1002.0","19","000.4","24","  7.7","24"," 11.2","24"," 22.9"," 36.9","  64.0"," ","  46.0"," "," 1.11","G","999.9","010010"
"72502014734","2022-04-09","40.68275","-74.16927","1.9","NEWARK LIBERTY INTERNATIONAL AIRPORT, NJ US","  52.0","24","  37.3","24","1003.8","21","002.7","24","  9.7","24","  8.2","24"," 20.0"," 31.1","  64.0"," ","  46.9"," "," 0.01","G","999.9","010010"
"72502014734","2022-04-10","40.68275","-74.16927","1.9","NEWARK LIBERTY INTERNATIONAL AIRPORT, NJ US","  47.7","24","  30.3","24","1007.1","24","006.2","24","  9.7","24"," 12.9","24"," 27.0"," 34.0","  57.9"," ","  43.0"," "," 0.13","G","999.9","010000"
"72502014734","2022-04-11","40.68275","-74.16927","1.9","NEWARK LIBERTY INTERNATIONAL AIRPORT, NJ US","  48.5","24","  24.8","24","1017.5","24","016.6","24"," 10.0","24","  8.7","24"," 19.0"," 22.9","  62.1"," ","  39.9"," "," 0.00","G","999.9","000000"
"72502014734","2022-04-12","40.68275","-74.16927","1.9","NEWARK LIBERTY INTERNATIONAL AIRPORT, NJ US","  58.0","24","  34.0","24","1016.0","24","015.0","24"," 10.0","24","  7.4","24"," 13.0"," 22.0","  73.0"," ","  39.9"," "," 0.00","G","999.9","010000"
"72502014734","2022-04-13","40.68275","-74.16927","1.9","NEWARK LIBERTY INTERNATIONAL AIRPORT, NJ US","  61.7","24","  44.7","24","1016.6","24","015.6","24"," 10.0","24","  4.8","24"," 14.0"," 17.1","  73.0"," ","  48.9"," "," 0.04","G","999.9","000000"
"72502014734","2022-04-14","40.68275","-74.16927","1.9","NEWARK LIBERTY INTERNATIONAL AIRPORT, NJ US","  70.3","24","  53.5","24","1007.7","24","006.6","24","  9.9","24","  7.8","24"," 21.0"," 31.1","  88.0"," ","  50.0"," "," 0.00","G","999.9","010010"
"72502014734","2022-04-15","40.68275","-74.16927","1.9","NEWARK LIBERTY INTERNATIONAL AIRPORT, NJ US","  62.4","24","  28.4","24","1017.2","24","016.3","24"," 10.0","24"," 10.1","24"," 15.9"," 28.9","  70.0","*","  53.1","*"," 0.06","G","999.9","000000"
"72502014734","2022-04-16","40.68275","-74.16927","1.9","NEWARK LIBERTY INTERNATIONAL AIRPORT, NJ US","  62.4","24","  33.8","24","1014.1","24","013.1","24"," 10.0","24"," 10.9","24"," 21.0"," 27.0","  73.0"," ","  51.1"," "," 0.00","G","999.9","000000"
"72502014734","2022-04-17","40.68275","-74.16927","1.9","NEWARK LIBERTY INTERNATIONAL AIRPORT, NJ US","  48.5","24","  28.7","24","1017.9","24","016.4","24","  9.7","24"," 13.3","24"," 20.0"," 31.1","  55.9","*","  43.0","*"," 0.12","G","999.9","010000"
"72502014734","2022-04-18","40.68275","-74.16927","1.9","NEWARK LIBERTY INTERNATIONAL AIRPORT, NJ US","  45.9","24","  23.0","24","1026.2","24","025.3","24","  9.9","24","  8.7","24"," 14.0"," 22.0","  54.0"," ","  36.0"," "," 0.00","G","999.9","010000"
"72502014734","2022-04-19","40.68275","-74.16927","1.9","NEWARK LIBERTY INTERNATIONAL AIRPORT, NJ US","  46.4","24","  34.7","24","1007.2","23","006.2","24","  7.5","24"," 16.1","24"," 28.0"," 45.1","  53.1"," ","  36.0"," "," 1.80","G","999.9","010000"
"72502014734","2022-04-20","40.68275","-74.16927","1.9","NEWARK LIBERTY INTERNATIONAL AIRPORT, NJ US","  50.0","24","  25.0","24","1022.8","24","021.8","24"," 10.0","24"," 12.9","24"," 28.0","999.9","  62.1"," ","  39.9"," "," 0.01","G","999.9","010000"
"72502014734","2022-04-21","40.68275","-74.16927","1.9","NEWARK LIBERTY INTERNATIONAL AIRPORT, NJ US","  53.9","24","  38.7","24","1030.7","24","029.8","24"," 10.0","24","  5.8","24"," 14.0"," 22.0","  64.0"," ","  43.0"," "," 0.00","G","999.9","000000"
"72502014734","2022-04-22","40.68275","-74.16927","1.9","NEWARK LIBERTY INTERNATIONAL AIRPORT, NJ US","  60.8","24","  34.8","24","1027.2","24","026.2","24"," 10.0","24"," 10.7","24"," 18.1"," 24.1","  72.0"," ","  46.9"," "," 0.00","G","999.9","000000"
"72502014734","2022-04-23","40.68275","-74.16927","1.9","NEWARK LIBERTY INTERNATIONAL AIRPORT, NJ US","  57.6","24","  30.8","24","1028.2","24","027.3","24"," 10.0","24","  7.2","24"," 12.0","999.9","  72.0"," ","  48.0"," "," 0.00","G","999.9","000000"
"72502014734","2022-04-24","40.68275","-74.16927","1.9","NEWARK LIBERTY INTERNATIONAL AIRPORT, NJ US","  56.6","24","  38.2","24","1024.0","24","023.1","24"," 10.0","24","  6.9","24"," 13.0"," 20.0","  64.0"," ","  48.9"," "," 0.00","G","999.9","000000"
"72502014734","2022-04-25","40.68275","-74.16927","1.9","NEWARK LIBERTY INTERNATIONAL AIRPORT, NJ US","  53.0","24","  32.6","24","1024.0","24","023.0","24"," 10.0","24","  5.8","24","  8.9","999.9","  63.0"," ","  50.0"," "," 0.00","G","999.9","000000"
"72502014734","2022-04-26","40.68275","-74.16927","1.9","NEWARK LIBERTY INTERNATIONAL AIRPORT, NJ US","  57.1","24","  46.6","24","1019.3","23","018.2","24"," 10.0","24","  5.4","24","  8.9","999.9","  66.0"," ","  50.0"," "," 0.00","G","999.9","010000"
"72502014734","2022-04-27","40.68275","-74.16927","1.9","NEWARK LIBERTY INTERNATIONAL AIRPORT, NJ US","  55.4","24","  35.0","24","1014.1","24","013.0","24","  9.9","24"," 13.0","24"," 21.0"," 29.9","  66.0"," ","  48.9"," "," 0.01","G","999.9","010000"
"72502014734","2022-04-28","40.68275","-74.16927","1.9","NEWARK LIBERTY INTERNATIONAL AIRPORT, NJ US","  48.8","24","  17.3","24","1016.2","24","015.3","24"," 10.0","24"," 17.0","24"," 25.1"," 33.0","  60.1"," ","  41.0"," "," 0.00","G","999.9","000000"
"72502014734","2022-04-29","40.68275","-74.16927","1.9","NEWARK LIBERTY INTERNATIONAL AIRPORT, NJ US","  52.6","24","   7.5","24","1018.4","24","017.5","24"," 10.0","24"," 14.6","24"," 22.9"," 32.1","  66.0"," ","  41.0"," "," 0.00","G","999.9","000000"
"72502014734","2022-04-30","40.68275","-74.16927","1.9","NEWARK LIBERTY INTERNATIONAL AIRPORT, NJ US","  57.7","24","  13.3","24","1019.3","24","018.3","24"," 10.0","24"," 10.2","24"," 15.9"," 21.0","  70.0"," ","  42.1"," "," 0.00","G","999.9","000000"
"72502014734","2022-05-01","40.68275","-74.16927","1.9","NEWARK LIBERTY INTERNATIONAL AIRPORT, NJ US","  57.3","24","  31.5","24","1019.4","24","018.4","24"," 10.0","24","  5.7","24"," 11.1"," 15.0","  70.0"," ","  43.0"," "," 0.00","G","999.9","000000"
"72502014734","2022-05-02","40.68275","-74.16927","1.9","NEWARK LIBERTY INTERNATIONAL AIRPORT, NJ US","  56.7","24","  49.0","24","1017.4","20","016.2","24","  8.5","24","  5.7","24"," 13.0"," 20.0","  69.1"," ","  43.0"," "," 0.20","G","999.9","010010"
"72502014734","2022-05-03","40.68275","-74.16927","1.9","NEWARK LIBERTY INTERNATIONAL AIRPORT, NJ US","  57.5","24","  48.8","24","1020.3","21","019.1","24","  9.9","24","  8.1","24"," 11.1"," 15.9","  64.9"," ","  51.1"," "," 0.02","G","999.9","000000"
"72502014734","2022-05-04","40.68275","-74.16927","1.9","NEWARK LIBERTY INTERNATIONAL AIRPORT, NJ US","  55.9","24","  50.1","24","1016.1","22","015.5","24","  8.8","24","  5.4","24"," 11.1"," 18.1","  68.0"," ","  51.1"," "," 0.12","G","999.9","010000"
"72502014734","2022-05-05","40.68275","-74.16927","1.9","NEWARK LIBERTY INTERNATIONAL AIRPORT, NJ US","  65.5","24","  49.5","24","1016.9","24","016.0","24"," 10.0","24","  7.4","24"," 13.0"," 18.1","  75.0"," ","  51.1"," "," 0.03","G","999.9","000000"
"72502014734","2022-05-06","40.68275","-74.16927","1.9","NEWARK LIBERTY INTERNATIONAL AIRPORT, NJ US","  59.4","24","  49.7","24","1014.9","22","013.7","24","  8.1","24","  4.7","24","  8.9","999.9","  75.0"," ","  51.1"," "," 0.02","G","999.9","010000"
"72502014734","2022-05-07","40.68275","-74.16927","1.9","NEWARK LIBERTY INTERNATIONAL AIRPORT, NJ US","  51.5","24","  46.6","24","1009.7","20","008.8","24","  5.6","24"," 12.0","24"," 19.0"," 28.9","  61.0"," ","  48.9"," "," 1.31","G","999.9","010000"
"72502014734","2022-05-08","40.68275","-74.16927","1.9","NEWARK LIBERTY INTERNATIONAL AIRPORT, NJ US","  52.0","24","  33.0","24","1017.5","24","016.5","24"," 10.0","24"," 13.2","24"," 19.0"," 25.1","  62.1"," ","  46.0"," "," 0.82","G","999.9","010000"
"72502014734","2022-05-09","40.68275","-74.16927","1.9","NEWARK LIBERTY INTERNATIONAL AIRPORT, NJ US","  58.6","24","  22.6","24","1022.2","24","021.2","24"," 10.0","24"," 12.5","24"," 18.1"," 24.1","  72.0"," ","  46.0"," "," 0.00","G","999.9","000000"
"72502014734","2022-05-10","40.68275","-74.16927","1.9","NEWARK LIBERTY INTERNATIONAL AIRPORT, NJ US","  62.7","24","  20.7","24","1026.3","24","025.3","24"," 10.0","24"," 12.7","24"," 21.0"," 32.1","  75.0"," ","  46.0"," "," 0.00","G","999.9","000000"
"72502014734","2022-05-11","40.68275","-74.16927","1.9","NEWARK LIBERTY INTERNATIONAL AIRPORT, NJ US","  64.2","24","  33.6","24","1025.2","24","024.2","24"," 10.0","24","  9.9","24"," 17.1","999.9","  78.1"," ","  50.0"," "," 0.00","G","999.9","000000"
"72502014734","2022-05-12","40.68275","-74.16927","1.9","NEWARK LIBERTY INTERNATIONAL AIRPORT, NJ US","  65.0","24","  53.5","24","1025.0","19","024.0","24"," 10.0","24","  5.5","24","  8.9","999.9","  78.1"," ","  53.1"," "," 0.00","G","999.9","000000"
"72502014734","2022-05-13","40.68275","-74.16927","1.9","NEWARK LIBERTY INTERNATIONAL AIRPORT, NJ US","  64.4","24","  60.1","24","1024.9","20","023.8","24","  6.5","24","  4.6","24","  8.9","999.9","  75.9"," ","  57.0"," "," 0.00","G","999.9","010000"
"72502014734","2022-05-14","40.68275","-74.16927","1.9","NEWARK LIBERTY INTERNATIONAL AIRPORT, NJ US","  64.1","24","  61.1","24","1019.8","20","018.7","24","  3.7","24","  2.5","24","  6.0","999.9","  75.0"," ","  59.0"," "," 0.17","G","999.9","110000"
"72502014734","2022-05-15","40.68275","-74.16927","1.9","NEWARK LIBERTY INTERNATIONAL AIRPORT, NJ US","  67.5","24","  61.6","24","1011.8","20","011.3","24","  5.3","24","  4.1","24","  9.9","999.9","  80.1"," ","  60.1"," "," 0.50","G","999.9","110000"
"72502014734","2022-05-16","40.68275","-74.16927","1.9","NEWARK LIBERTY INTERNATIONAL AIRPORT, NJ US","  72.4","24","  62.8","24","1005.9","23","004.9","24"," 10.0","24","  6.3","24"," 20.0"," 27.0","  82.9"," ","  60.1"," "," 0.21","G","999.9","010010"
"72502014734","2022-05-17","40.68275","-74.16927","1.9","NEWARK LIBERTY INTERNATIONAL AIRPORT, NJ US","  69.1","24","  48.0","24","1006.4","24","005.4","24"," 10.0","24"," 13.3","24"," 26.0"," 34.0","  82.9"," ","  57.0"," "," 0.11","G","999.9","010000"
"72502014734","2022-05-18","40.68275","-74.16927","1.9","NEWARK LIBERTY INTERNATIONAL AIRPORT, NJ US","  66.2","24","  38.7","24","1013.4","24","012.4","24"," 10.0","24"," 10.5","24"," 15.0"," 27.0","  81.0"," ","  57.0"," "," 0.00","G","999.9","000000"
"72502014734","2022-05-19","40.68275","-74.16927","1.9","NEWARK LIBERTY INTERNATIONAL AIRPORT, NJ US","  62.6","24","  51.3","24","1009.1","22","007.9","24","  8.6","24","  5.1","24","  8.0","999.9","  75.9"," ","  55.9"," "," 0.89","G","999.9","010000"
"72502014734","2022-05-20","40.68275","-74.16927","1.9","NEWARK LIBERTY INTERNATIONAL AIRPORT, NJ US","  62.6","24","  56.4","24","1012.1","19","011.2","24","  7.6","24","  4.5","24","  9.9"," 15.9","  70.0"," ","  55.9"," "," 0.02","G","999.9","010010"
"72502014734","2022-05-21","40.68275","-74.16927","1.9","NEWARK LIBERTY INTERNATIONAL AIRPORT, NJ US","  75.6","24","  64.5","24","1014.8","23","013.7","24","  5.4","24","  5.7","24"," 13.0"," 21.0","  95.0"," ","  57.0"," "," 0.32","G","999.9","110000"
"72502014734","2022-05-22","40.68275","-74.16927","1.9","NEWARK LIBERTY INTERNATIONAL AIRPORT, NJ US","  84.6","24","  66.2","24","1015.3","24","014.3","24","  9.9","24","  8.3","24"," 18.1"," 25.1","  95.0"," ","  63.0"," "," 0.00","G","999.9","000000"
"72502014734","2022-05-23","40.68275","-74.16927","1.9","NEWARK LIBERTY INTERNATIONAL AIRPORT, NJ US","  72.8","24","  50.7","24","1019.7","24","018.6","24"," 10.0","24"," 11.0","24"," 17.1"," 24.1","  95.0"," ","  63.0"," "," 0.00","G","999.9","000010"
"72502014734","2022-05-24","40.68275","-74.16927","1.9","NEWARK LIBERTY INTERNATIONAL AIRPORT, NJ US","  66.1","24","  46.7","24","1024.5","24","023.5","24"," 10.0","24","  6.8","24","  9.9"," 14.0","  78.1"," ","  62.1"," "," 0.00","G","999.9","010000"
"72502014734","2022-05-25","40.68275","-74.16927","1.9","NEWARK LIBERTY INTERNATIONAL AIRPORT, NJ US","  63.1","24","  45.7","24","1027.8","24","026.8","24"," 10.0","24","  5.8","24","  9.9","999.9","  71.1"," ","  55.9"," "," 0.00","G","999.9","000000"
"72502014734","2022-05-26","40.68275","-74.16927","1.9","NEWARK LIBERTY INTERNATIONAL AIRPORT, NJ US","  63.5","24","  49.7","24","1025.8","24","024.8","24"," 10.0","24","  6.0","24"," 11.1"," 15.0","  71.1"," ","  55.9"," "," 0.00","G","999.9","000000"
"72502014734","2022-05-27","40.68275","-74.16927","1.9","NEWARK LIBERTY INTERNATIONAL AIRPORT, NJ US","  72.3","24","  63.5","24","1014.5","18","013.8","24","  8.3","24","  7.0","24"," 21.0"," 27.0","  84.0"," ","  57.9"," "," 0.00","G","999.9","010010"
"72502014734","2022-05-28","40.68275","-74.16927","1.9","NEWARK LIBERTY INTERNATIONAL AIRPORT, NJ US","  71.6","24","  63.7","24","1007.0","20","006.1","24","  9.8","24","  8.1","24"," 22.9"," 38.1","  84.0"," ","  66.0"," "," 0.68","G","999.9","010110"
"72502014734","2022-05-29","40.68275","-74.16927","1.9","NEWARK LIBERTY INTERNATIONAL AIRPORT, NJ US","  71.5","24","  55.2","24","1015.4","24","014.4","24"," 10.0","24","  5.3","24"," 11.1","999.9","  80.1"," ","  62.1"," "," 0.02","G","999.9","000000"
"72502014734","2022-05-30","40.68275","-74.16927","1.9","NEWARK LIBERTY INTERNATIONAL AIRPORT, NJ US","  76.5","24","  58.8","24","1018.5","24","017.6","24"," 10.0","24","  5.9","24"," 12.0"," 18.1","  91.0"," ","  62.1"," "," 0.00","G","999.9","000000"
"72502014734","2022-05-31","40.68275","-74.16927","1.9","NEWARK LIBERTY INTERNATIONAL AIRPORT, NJ US","  86.4","24","  62.8","24","1014.6","24","013.7","24"," 10.0","24","  9.5","24"," 15.9"," 26.0","  98.1"," ","  62.1"," "," 0.00","G","999.9","000000"
"72502014734","2022-06-01","40.68275","-74.16927","1.9","NEWARK LIBERTY INTERNATIONAL AIRPORT, NJ US","  70.6","24","  57.4","24","1013.8","22","013.0","20"," 10.0","24","  7.1","24"," 12.0"," 15.9","  98.1"," ","  63.0"," "," 0.00","G","999.9","010010"
"72502014734","2022-06-02","40.68275","-74.16927","1.9","NEWARK LIBERTY INTERNATIONAL AIRPORT, NJ US","  70.9","24","  63.2","24","1008.1","23","007.2","24","  8.9","24","  7.3","24"," 21.0"," 24.1","  86.0"," ","  62.1"," "," 0.68","G","999.9","010010"
"72502014734","2022-06-03","40.68275","-74.16927","1.9","NEWARK LIBERTY INTERNATIONAL AIRPORT, NJ US","  72.7","24","  64.1","24","1007.1","19","006.1","24","  8.1","24","  5.1","24","  9.9","999.9","  86.0"," ","  64.0"," "," 0.01","G","999.9","000000"
"72502014734","2022-06-04","40.68275","-74.16927","1.9","NEWARK LIBERTY INTERNATIONAL AIRPORT, NJ US","  75.8","24","  46.8","23","1010.6","24","009.6","24"," 10.0","24","  6.7","24"," 15.0"," 21.0","  87.1"," ","  62.1"," "," 0.00","G","999.9","000000"
"72502014734","2022-06-05","40.68275","-74.16927","1.9","NEWARK LIBERTY INTERNATIONAL AIRPORT, NJ US","  71.6","24","  39.5","24","1014.2","24","013.3","24"," 10.0","24","  6.4","24"," 14.0","999.9","  87.1"," ","  57.9"," "," 0.00","G","999.9","000000"
"72502014734","2022-06-06","40.68275","-74.16927","1.9","NEWARK LIBERTY INTERNATIONAL AIRPORT, NJ US","  72.5","24","  44.2","24","1016.5","24","015.5","24"," 10.0","24","  5.7","24"," 12.0"," 20.0","  84.9"," ","  57.9"," "," 0.00","G","999.9","000000"
"72502014734","2022-06-07","40.68275","-74.16927","1.9","NEWARK LIBERTY INTERNATIONAL AIRPORT, NJ US","  73.0","24","  53.0","24","1016.8","24","015.8","24"," 10.0","24","  9.7","24"," 15.0"," 25.1","  84.9"," ","  60.1"," "," 0.00","G","999.9","010000"
"72502014734","2022-06-08","40.68275","-74.16927","1.9","NEWARK LIBERTY INTERNATIONAL AIRPORT, NJ US","  77.1","24","  60.9","24","1011.8","20","010.9","24","  9.5","24","  9.5","24"," 14.0"," 19.0","  87.1"," ","  61.0"," "," 0.07","G","999.9","010000"
"72502014734","2022-06-09","40.68275","-74.16927","1.9","NEWARK LIBERTY INTERNATIONAL AIRPORT, NJ US","  77.8","24","  63.3","24","1005.1","21","003.8","24","  8.9","24"," 11.4","24"," 22.0"," 31.1","  87.1"," ","  70.0"," "," 0.78","G","999.9","010010"
"72502014734","2022-06-10","40.68275","-74.16927","1.9","NEWARK LIBERTY INTERNATIONAL AIRPORT, NJ US","  73.4","24","  49.5","24","1009.5","24","008.5","22"," 10.0","24"," 10.1","24"," 15.0"," 22.0","  87.1"," ","  63.0"," "," 0.00","I","999.9","000000"
"72502014734","2022-06-11","40.68275","-74.16927","1.9","NEWARK LIBERTY INTERNATIONAL AIRPORT, NJ US","  74.5","24","  51.7","24","1012.4","24","011.5","24"," 10.0","24","  5.6","24","  9.9","999.9","  82.9"," ","  63.0"," "," 0.00","G","999.9","010000"
"72502014734","2022-06-12","40.68275","-74.16927","1.9","NEWARK LIBERTY INTERNATIONAL AIRPORT, NJ US","  69.5","24","  59.0","24","1014.3","21","013.4","24","  9.9","24","  6.4","24"," 13.0"," 18.1","  80.1"," ","  64.0"," "," 0.02","G","999.9","010000"
"72502014734","2022-06-13","40.68275","-74.16927","1.9","NEWARK LIBERTY INTERNATIONAL AIRPORT, NJ US","  78.5","24","  65.7","24","1012.2","22","011.3","24"," 10.0","24","  5.1","24"," 11.1","999.9","  91.9"," ","  64.0"," "," 0.04","G","999.9","000000"
"72502014734","2022-06-14","40.68275","-74.16927","1.9","NEWARK LIBERTY INTERNATIONAL AIRPORT, NJ US","  78.0","24","  51.0","24","1012.6","24","011.7","24"," 10.0","24","  7.8","24"," 11.1"," 21.0","  91.9"," ","  69.1"," "," 0.00","G","999.9","010000"
"72502014734","2022-06-15","40.68275","-74.16927","1.9","NEWARK LIBERTY INTERNATIONAL AIRPORT, NJ US","  76.1","24","  57.4","24","1016.9","24","015.9","24"," 10.0","24","  6.7","24"," 12.0"," 18.1","  87.1"," ","  66.9"," "," 0.00","G","999.9","000000"
"72502014734","2022-06-16","40.68275","-74.16927","1.9","NEWARK LIBERTY INTERNATIONAL AIRPORT, NJ US","  70.8","24","  60.8","24","1020.8","21","019.4","24","  9.7","24","  7.3","24"," 14.0"," 15.9","  82.9"," ","  66.0"," "," 0.30","G","999.9","010010"
"72502014734","2022-06-17","40.68275","-74.16927","1.9","NEWARK LIBERTY INTERNATIONAL AIRPORT, NJ US","  80.0","24","  63.2","24","1008.1","23","007.4","24"," 10.0","24"," 11.7","24"," 20.0"," 36.9","  95.0"," ","  66.0"," "," 0.09","G","999.9","000000"
"72502014734","2022-06-18","40.68275","-74.16927","1.9","NEWARK LIBERTY INTERNATIONAL AIRPORT, NJ US","  73.8","24","  48.7","24","1005.1","24","004.1","24"," 10.0","24"," 14.9","24"," 22.0"," 33.0","  95.0"," ","  64.9"," "," 0.00","G","999.9","000000"
"72502014734","2022-06-19","40.68275","-74.16927","1.9","NEWARK LIBERTY INTERNATIONAL AIRPORT, NJ US","  66.0","24","  39.2","24","1013.1","24","012.1","24"," 10.0","24"," 14.0","24"," 21.0"," 29.9","  78.1"," ","  55.9"," "," 0.00","G","999.9","000000"
"72502014734","2022-06-20","40.68275","-74.16927","1.9","NEWARK LIBERTY INTERNATIONAL AIRPORT, NJ US","  71.4","24","  39.4","24","1018.8","24","017.9","24"," 10.0","24","  9.6","24"," 17.1"," 22.0","  82.9"," ","  55.9"," "," 0.00","G","999.9","000000"
"72502014734","2022-06-21","40.68275","-74.16927","1.9","NEWARK LIBERTY INTERNATIONAL AIRPORT, NJ US","  74.0","24","  47.6","24","1019.4","24","018.4","24","  9.9","24","  4.1","24","  9.9","999.9","  82.9"," ","  57.9"," "," 0.00","G","999.9","010000"
"72502014734","2022-06-22","40.68275","-74.16927","1.9","NEWARK LIBERTY INTERNATIONAL AIRPORT, NJ US","  69.0","24","  61.1","24","1017.1","22","016.1","24","  8.9","24","  5.8","24"," 13.0"," 18.1","  82.0"," ","  62.1"," "," 0.05","G","999.9","010000"
"72502014734","2022-06-23","40.68275","-74.16927","1.9","NEWARK LIBERTY INTERNATIONAL AIRPORT, NJ US","  68.8","24","  59.5","24","1015.1","22","014.0","24","  8.6","24","  6.5","24"," 11.1"," 15.9","  75.9"," ","  64.0"," "," 0.07","G","999.9","010000"
"72502014734","2022-06-24","40.68275","-74.16927","1.9","NEWARK LIBERTY INTERNATIONAL AIRPORT, NJ US","  74.3","24","  61.7","24","1015.9","23","014.9","24"," 10.0","24","  4.4","24","  8.9","999.9","  88.0"," ","  64.9"," "," 0.00","G","999.9","000000"
"72502014734","2022-06-25","40.68275","-74.16927","1.9","NEWARK LIBERTY INTERNATIONAL AIRPORT, NJ US","  82.3","24","  61.2","24","1018.1","24","017.1","24"," 10.0","24","  5.5","24","  8.9","999.9","  96.1"," ","  66.0"," "," 0.00","G","999.9","000000"
"72502014734","2022-06-26","40.68275","-74.16927","1.9","NEWARK LIBERTY INTERNATIONAL AIRPORT, NJ US","  83.6","24","  62.7","24","1018.1","24","017.3","24"," 10.0","24","  7.2","24"," 13.0"," 21.0","  96.1"," ","  66.9"," "," 0.00","G","999.9","000000"
"72502014734","2022-06-27","40.68275","-74.16927","1.9","NEWARK LIBERTY INTERNATIONAL AIRPORT, NJ US","  77.6","24","  64.8","24","1014.5","22","013.5","24","  9.4","24"," 10.3","24"," 15.0"," 22.9","  93.9"," ","  72.0"," "," 0.00","G","999.9","010000"
"72502014734","2022-06-28","40.68275","-74.16927","1.9","NEWARK LIBERTY INTERNATIONAL AIRPORT, NJ US","  75.4","24","  54.1","24","1018.8","24","017.8","24"," 10.0","24","  8.0","24"," 13.0"," 17.1","  84.0"," ","  69.1"," "," 0.29","G","999.9","000000"
"72502014734","2022-06-29","40.68275","-74.16927","1.9","NEWARK LIBERTY INTERNATIONAL AIRPORT, NJ US","  77.0","24","  54.3","24","1022.4","24","021.4","24"," 10.0","24","  6.0","24"," 11.1"," 15.9","  90.0"," ","  64.0"," "," 0.00","G","999.9","000000"
"72502014734","2022-06-30","40.68275","-74.16927","1.9","NEWARK LIBERTY INTERNATIONAL AIRPORT, NJ US","  80.8","24","  57.7","24","1021.4","24","020.5","24"," 10.0","24","  8.0","24"," 13.0"," 20.0","  91.9"," ","  64.0"," "," 0.00","G","999.9","000000"
"72502014734","2022-07-01","40.68275","-74.16927","1.9","NEWARK LIBERTY INTERNATIONAL AIRPORT, NJ US","  84.3","24","  63.4","24","1017.7","23","016.6","24","  9.9","24","  8.1","24"," 28.0"," 38.1","  99.0"," ","  68.0"," "," 0.00","G","999.9","010010"
"72502014734","2022-07-02","40.68275","-74.16927","1.9","NEWARK LIBERTY INTERNATIONAL AIRPORT, NJ US","  86.6","24","  67.6","24","1012.5","24","011.5","24"," 10.0","24"," 11.9","24"," 18.1"," 22.0","  99.0"," ","  71.1"," "," 0.00","G","999.9","000000"
"72502014734","2022-07-03","40.68275","-74.16927","1.9","NEWARK LIBERTY INTERNATIONAL AIRPORT, NJ US","  85.0","24","  58.7","24","1014.7","24","013.7","24"," 10.0","24","  8.5","24"," 14.0"," 22.0","  96.1"," ","  78.1"," "," 0.00","G","999.9","000000"
"72502014734","2022-07-04","40.68275","-74.16927","1.9","NEWARK LIBERTY INTERNATIONAL AIRPORT, NJ US","  80.8","24","  44.6","24","1019.5","24","018.5","24"," 10.0","24","  7.8","24"," 14.0"," 20.0","  93.0"," ","  64.0"," "," 0.00","G","999.9","000000"
"72502014734","2022-07-05","40.68275","-74.16927","1.9","NEWARK LIBERTY INTERNATIONAL AIRPORT, NJ US","  81.0","24","  56.6","24","1017.1","24","016.1","24"," 10.0","24","  8.2","24"," 15.0"," 21.0","  91.0"," ","  64.0"," "," 0.00","G","999.9","010000"
"72502014734","2022-07-06","40.68275","-74.16927","1.9","NEWARK LIBERTY INTERNATIONAL AIRPORT, NJ US","  82.2","24","  66.5","24","1010.1","22","009.1","24","  9.9","24"," 10.7","24"," 15.0"," 25.1","  91.0"," ","  71.1"," "," 0.04","G","999.9","010000"
"72502014734","2022-07-07","40.68275","-74.16927","1.9","NEWARK LIBERTY INTERNATIONAL AIRPORT, NJ US","  80.5","24","  61.4","24","1014.7","24","013.7","24"," 10.0","24","  7.6","24"," 11.1"," 15.9","  91.0"," ","  75.9"," "," 0.00","G","999.9","000000"
"72502014734","2022-07-08","40.68275","-74.16927","1.9","NEWARK LIBERTY INTERNATIONAL AIRPORT, NJ US","  77.0","24","  65.5","24","1015.5","24","014.5","24","  9.9","24","  4.2","24","  9.9"," 17.1","  91.0"," ","  70.0"," "," 0.00","G","999.9","010000"
"72502014734","2022-07-09","40.68275","-74.16927","1.9","NEWARK LIBERTY INTERNATIONAL AIRPORT, NJ US","  79.4","24","  62.9","24","1015.9","24","015.0","24"," 10.0","24","  6.2","24"," 11.1"," 15.9","  91.0"," ","  70.0"," "," 0.12","G","999.9","000000"
"72502014734","2022-07-10","40.68275","-74.16927","1.9","NEWARK LIBERTY INTERNATIONAL AIRPORT, NJ US","  76.9","24","  53.2","24","1017.4","24","016.5","24"," 10.0","24","  6.4","24"," 13.0","999.9","  89.1"," ","  66.9"," "," 0.00","G","999.9","000000"
"72502014734","2022-07-11","40.68275","-74.16927","1.9","NEWARK LIBERTY INTERNATIONAL AIRPORT, NJ US","  77.1","24","  58.3","24","1014.6","24","013.6","24"," 10.0","24","  7.5","24"," 15.0"," 20.0","  88.0"," ","  66.0"," "," 0.00","G","999.9","000000"
"72502014734","2022-07-12","40.68275","-74.16927","1.9","NEWARK LIBERTY INTERNATIONAL AIRPORT, NJ US","  81.8","24","  62.9","24","1008.6","23","007.6","24"," 10.0","24"," 11.7","24"," 17.1"," 27.0","  98.1"," ","  66.0"," "," 0.00","G","999.9","010010"
"72502014734","2022-07-13","40.68275","-74.16927","1.9","NEWARK LIBERTY INTERNATIONAL AIRPORT, NJ US","  86.6","24","  62.2","24","1009.9","24","008.9","24"," 10.0","24","  8.7","24"," 17.1"," 22.9","  98.1"," ","  70.0"," "," 0.00","G","999.9","000000"
"72502014734","2022-07-14","40.68275","-74.16927","1.9","NEWARK LIBERTY INTERNATIONAL AIRPORT, NJ US","  83.7","24","  62.9","24","1013.3","24","012.3","24"," 10.0","24","  7.8","24"," 13.0"," 27.0","  96.1"," ","  73.0"," "," 0.00","G","999.9","000000"
"72502014734","2022-07-15","40.68275","-74.16927","1.9","NEWARK LIBERTY INTERNATIONAL AIRPORT, NJ US","  79.3","24","  56.9","24","1019.1","24","018.1","24"," 10.0","24","  8.4","24"," 12.0"," 19.0","  93.9"," ","  73.0"," "," 0.00","G","999.9","000000"
"72502014734","2022-07-16","40.68275","-74.16927","1.9","NEWARK LIBERTY INTERNATIONAL AIRPORT, NJ US","  76.3","24","  68.0","24","1019.1","23","018.3","24"," 10.0","24","  4.5","24","  9.9","999.9","  86.0"," ","  72.0"," "," 0.00","G","999.9","010000"
"72502014734","2022-07-17","40.68275","-74.16927","1.9","NEWARK LIBERTY INTERNATIONAL AIRPORT, NJ US","  77.3","24","  68.6","24","1016.3","24","015.4","24"," 10.0","24","  5.3","24"," 14.0","999.9","  84.9"," ","  70.0"," "," 0.15","G","999.9","010000"
"72502014734","2022-07-18","40.68275","-74.16927","1.9","NEWARK LIBERTY INTERNATIONAL AIRPORT, NJ US","  80.5","24","  72.4","24","1013.5","18","012.0","24","  9.5","24","  4.9","24"," 19.0"," 26.0","  93.0"," ","  70.0"," "," 0.06","G","999.9","010010"
"72502014734","2022-07-19","40.68275","-74.16927","1.9","NEWARK LIBERTY INTERNATIONAL AIRPORT, NJ US","  83.2","24","  66.6","24","1007.9","24","006.9","24"," 10.0","24","  9.8","24"," 15.9"," 25.1","  93.9"," ","  73.9"," "," 0.07","G","999.9","010000"
"72502014734","2022-07-20","40.68275","-74.16927","1.9","NEWARK LIBERTY INTERNATIONAL AIRPORT, NJ US","  88.1","24","  64.7","24","1007.5","24","006.6","24"," 10.0","24","  7.3","24"," 13.0","999.9"," 100.0"," ","  73.9"," "," 0.00","G","999.9","000000"
"72502014734","2022-07-21","40.68275","-74.16927","1.9","NEWARK LIBERTY INTERNATIONAL AIRPORT, NJ US","  88.8","24","  68.4","24","1004.6","23","003.5","24"," 10.0","24"," 10.5","24"," 18.1"," 27.0"," 100.0"," ","  73.9"," "," 0.00","G","999.9","010010"
"72502014734","2022-07-22","40.68275","-74.16927","1.9","NEWARK LIBERTY INTERNATIONAL AIRPORT, NJ US","  89.1","24","  61.5","24","1009.3","24","008.3","24"," 10.0","24","  7.9","24"," 17.1"," 22.0"," 100.0"," ","  78.1"," "," 0.01","G","999.9","000000"
"72502014734","2022-07-23","40.68275","-74.16927","1.9","NEWARK LIBERTY INTERNATIONAL AIRPORT, NJ US","  87.9","24","  62.1","24","1014.6","24","013.6","24"," 10.0","24","  4.9","24","  9.9"," 15.0"," 100.9"," ","  78.1"," "," 0.00","G","999.9","000000"
"72502014734","2022-07-24","40.68275","-74.16927","1.9","NEWARK LIBERTY INTERNATIONAL AIRPORT, NJ US","  89.3","24","  62.8","24","1015.2","24","014.1","24"," 10.0","24","  9.5","24"," 18.1"," 26.0"," 102.0"," ","  77.0"," "," 0.00","G","999.9","000000"
"72502014734","2022-07-25","40.68275","-74.16927","1.9","NEWARK LIBERTY INTERNATIONAL AIRPORT, NJ US","  86.8","24","  70.6","24","1011.7","20","010.6","24"," 10.0","24"," 11.1","24"," 18.1"," 25.1"," 102.0"," ","  77.0"," "," 0.00","G","999.9","010010"
"72502014734","2022-07-26","40.68275","-74.16927","1.9","NEWARK LIBERTY INTERNATIONAL AIRPORT, NJ US","  80.1","24","  60.1","24","1014.3","24","013.3","24"," 10.0","24","  8.4","24"," 14.0"," 17.1","  91.9"," ","  71.1"," "," 0.03","G","999.9","000000"
"72502014734","2022-07-27","40.68275","-74.16927","1.9","NEWARK LIBERTY INTERNATIONAL AIRPORT, NJ US","  78.4","24","  57.5","24","1013.9","24","012.9","24"," 10.0","24","  5.9","24"," 11.1"," 17.1","  87.1"," ","  69.1"," "," 0.00","G","999.9","000000"
"72502014734","2022-07-28","40.68275","-74.16927","1.9","NEWARK LIBERTY INTERNATIONAL AIRPORT, NJ US","  81.6","24","  70.4","24","1010.4","21","009.5","24"," 10.0","24","  5.5","24"," 15.9"," 21.0","  91.9"," ","  69.1"," "," 0.12","G","999.9","010010"
"72502014734","2022-07-29","40.68275","-74.16927","1.9","NEWARK LIBERTY INTERNATIONAL AIRPORT, NJ US","  82.1","24","  66.2","24","1011.4","24","010.4","24"," 10.0","24","  8.4","24"," 13.0","999.9","  97.0"," ","  73.9"," "," 0.00","D","999.9","010000"
"72502014734","2022-07-30","40.68275","-74.16927","1.9","NEWARK LIBERTY INTERNATIONAL AIRPORT, NJ US","  82.1","24","  59.4","24","1014.9","24","013.9","24"," 10.0","24","  8.8","24"," 15.9"," 25.1","  91.0"," ","  73.9"," "," 0.01","G","999.9","010000"
"72502014734","2022-07-31","40.68275","-74.16927","1.9","NEWARK LIBERTY INTERNATIONAL AIRPORT, NJ US","  79.3","24","  58.0","24","1020.7","24","019.7","24"," 10.0","24","  6.6","24"," 12.0","999.9","  91.0"," ","  68.0"," "," 0.00","G","999.9","000000"
"72502014734","2022-08-01","40.68275","-74.16927","1.9","NEWARK LIBERTY INTERNATIONAL AIRPORT, NJ US","  74.2","24","  66.8","24","1015.4","23","014.5","24","  9.0","24","  5.1","24","  8.9","999.9","  87.1"," ","  68.0"," "," 0.43","G","999.9","010000"
"72502014734","2022-08-02","40.68275","-74.16927","1.9","NEWARK LIBERTY INTERNATIONAL AIRPORT, NJ US","  80.2","24","  66.6","24","1009.9","24","008.9","24"," 10.0","24","  7.7","24"," 13.0"," 20.0","  95.0"," ","  68.0"," "," 0.00","A","999.9","000000"
"72502014734","2022-08-03","40.68275","-74.16927","1.9","NEWARK LIBERTY INTERNATIONAL AIRPORT, NJ US","  83.6","24","  60.5","24","1013.6","24","012.6","24"," 10.0","24","  7.0","24"," 12.0"," 15.9","  95.0"," ","  69.1"," "," 0.00","G","999.9","000000"
"72502014734","2022-08-04","40.68275","-74.16927","1.9","NEWARK LIBERTY INTERNATIONAL AIRPORT, NJ US","  83.9","24","  67.7","24","1016.4","24","015.4","24"," 10.0","24","  6.5","24"," 12.0"," 15.9","  98.1"," ","  73.0"," "," 0.00","G","999.9","000000"
"72502014734","2022-08-05","40.68275","-74.16927","1.9","NEWARK LIBERTY INTERNATIONAL AIRPORT, NJ US","  84.0","24","  67.7","24","1019.1","24","018.0","24"," 10.0","24","  7.0","24"," 12.0"," 19.0","  98.1"," ","  73.9"," "," 0.00","G","999.9","010010"
"72502014734","2022-08-06","40.68275","-74.16927","1.9","NEWARK LIBERTY INTERNATIONAL AIRPORT, NJ US","  84.1","24","  68.1","24","1021.7","24","020.7","24"," 10.0","24","  8.7","24"," 15.0"," 25.1","  96.1"," ","  73.9"," "," 0.00","G","999.9","010010"
"72502014734","2022-08-07","40.68275","-74.16927","1.9","NEWARK LIBERTY INTERNATIONAL AIRPORT, NJ US","  85.5","24","  71.7","24","1020.6","24","019.7","24","  9.8","24"," 12.4","24"," 24.1"," 41.0","  96.1"," ","  73.9"," "," 0.00","G","999.9","010010"
"72502014734","2022-08-08","40.68275","-74.16927","1.9","NEWARK LIBERTY INTERNATIONAL AIRPORT, NJ US","  87.7","24","  70.4","24","1016.0","24","015.2","24"," 10.0","24"," 12.0","24"," 17.1"," 24.1","  99.0"," ","  78.1"," "," 0.04","G","999.9","000000"
"72502014734","2022-08-09","40.68275","-74.16927","1.9","NEWARK LIBERTY INTERNATIONAL AIRPORT, NJ US","  89.9","24","  71.4","24","1012.3","24","011.3","24"," 10.0","24"," 12.4","24"," 15.9"," 26.0"," 100.9"," ","  78.1"," "," 0.00","G","999.9","010010"
"72502014734","2022-08-10","40.68275","-74.16927","1.9","NEWARK LIBERTY INTERNATIONAL AIRPORT, NJ US","  83.0","24","  65.2","24","1015.7","24","014.7","24"," 10.0","24","  7.5","24"," 13.0"," 18.1"," 100.9"," ","  75.0"," "," 0.00","G","999.9","000000"
"72502014734","2022-08-11","40.68275","-74.16927","1.9","NEWARK LIBERTY INTERNATIONAL AIRPORT, NJ US","  81.0","24","  64.1","24","1012.7","24","011.8","24","  9.7","24","  4.9","24","  8.9"," 18.1","  91.9","*","  71.6","*"," 0.15","G","999.9","010000"
"72502014734","2022-08-12","40.68275","-74.16927","1.9","NEWARK LIBERTY INTERNATIONAL AIRPORT, NJ US","  79.9","24","  51.4","24","1013.9","24","012.9","24"," 10.0","24","  9.9","24"," 17.1"," 22.9","  91.9"," ","  72.0"," "," 0.00","A","999.9","000000"
"72502014734","2022-08-13","40.68275","-74.16927","1.9","NEWARK LIBERTY INTERNATIONAL AIRPORT, NJ US","  74.5","24","  45.2","24","1018.1","24","017.2","24"," 10.0","24","  9.9","24"," 14.0"," 20.0","  88.0"," ","  66.0"," "," 0.00","G","999.9","000000"
"72502014734","2022-08-14","40.68275","-74.16927","1.9","NEWARK LIBERTY INTERNATIONAL AIRPORT, NJ US","  74.0","24","  51.9","24","1017.6","24","016.6","24"," 10.0","24","  5.9","24"," 12.0"," 19.0","  82.0"," ","  63.0"," "," 0.00","G","999.9","000000"
"72502014734","2022-08-15","40.68275","-74.16927","1.9","NEWARK LIBERTY INTERNATIONAL AIRPORT, NJ US","  75.1","24","  53.9","24","1015.7","24","014.7","24"," 10.0","24","  5.0","24"," 11.1"," 17.1","  82.9"," ","  63.0"," "," 0.00","G","999.9","000000"
"72502014734","2022-08-16","40.68275","-74.16927","1.9","NEWARK LIBERTY INTERNATIONAL AIRPORT, NJ US","  74.3","24","  56.2","24","1015.8","24","014.8","24"," 10.0","24","  6.9","24"," 14.0"," 21.0","  84.0"," ","  64.9"," "," 0.00","G","999.9","000000"
"72502014734","2022-08-17","40.68275","-74.16927","1.9","NEWARK LIBERTY INTERNATIONAL AIRPORT, NJ US","  73.9","24","  57.5","24","1015.5","24","014.7","24"," 10.0","24","  4.3","24","  9.9"," 15.9","  84.0"," ","  64.9"," "," 0.10","G","999.9","010000"
"72502014734","2022-08-18","40.68275","-74.16927","1.9","NEWARK LIBERTY INTERNATIONAL AIRPORT, NJ US","  76.8","24","  52.4","24","1012.6","24","011.7","24"," 10.0","24","  7.8","24"," 18.1","999.9","  91.0"," ","  64.9"," "," 0.01","G","999.9","000000"
"72502014734","2022-08-19","40.68275","-74.16927","1.9","NEWARK LIBERTY INTERNATIONAL AIRPORT, NJ US","  79.4","24","  55.1","24","1016.2","24","015.2","24"," 10.0","24","  5.6","24"," 14.0"," 19.0","  93.9"," ","  64.9"," "," 0.00","G","999.9","000000"
"72502014734","2022-08-20","40.68275","-74.16927","1.9","NEWARK LIBERTY INTERNATIONAL AIRPORT, NJ US","  80.8","24","  62.9","24","1020.0","24","018.9","24"," 10.0","24","  6.6","24"," 13.0"," 19.0","  93.9"," ","  66.0"," "," 0.00","G","999.9","000000"
"72502014734","2022-08-21","40.68275","-74.16927","1.9","NEWARK LIBERTY INTERNATIONAL AIRPORT, NJ US","  77.3","24","  66.5","24","1019.8","24","018.8","24"," 10.0","24","  5.8","24","  9.9"," 18.1","  90.0"," ","  71.1"," "," 0.00","G","999.9","000000"
"72502014734","2022-08-22","40.68275","-74.16927","1.9","NEWARK LIBERTY INTERNATIONAL AIRPORT, NJ US","  75.8","24","  70.1","24","1014.1","18","013.0","24","  9.3","24","  5.6","24"," 13.0"," 17.1","  82.9"," ","  71.1"," "," 0.02","G","999.9","010010"
"72502014734","2022-08-23","40.68275","-74.16927","1.9","NEWARK LIBERTY INTERNATIONAL AIRPORT, NJ US","  78.4","24","  68.4","24","1009.3","21","008.4","24","  9.1","24","  5.4","24"," 15.9"," 22.9","  89.1"," ","  71.1"," "," 0.73","G","999.9","010000"
"72502014734","2022-08-24","40.68275","-74.16927","1.9","NEWARK LIBERTY INTERNATIONAL AIRPORT, NJ US","  79.8","24","  61.7","24","1013.2","24","012.2","24"," 10.0","24","  7.5","24"," 15.0"," 17.1","  91.9"," ","  68.0"," "," 0.00","G","999.9","000000"
"72502014734","2022-08-25","40.68275","-74.16927","1.9","NEWARK LIBERTY INTERNATIONAL AIRPORT, NJ US","  82.0","24","  58.4","24","1016.1","24","015.1","24"," 10.0","24","  4.1","24","  8.9","999.9","  93.0"," ","  68.0"," "," 0.00","G","999.9","000000"
"72502014734","2022-08-26","40.68275","-74.16927","1.9","NEWARK LIBERTY INTERNATIONAL AIRPORT, NJ US","  81.7","24","  64.6","24","1013.9","24","012.9","24"," 10.0","24","  6.8","24"," 15.0"," 22.9","  93.0"," ","  69.1"," "," 0.00","G","999.9","010010"
"72502014734","2022-08-27","40.68275","-74.16927","1.9","NEWARK LIBERTY INTERNATIONAL AIRPORT, NJ US","  82.8","24","  62.4","24","1014.1","24","013.2","24"," 10.0","24","  6.2","24"," 11.1","999.9","  93.0"," ","  73.0"," "," 0.00","G","999.9","000000"
"72502014734","2022-08-28","40.68275","-74.16927","1.9","NEWARK LIBERTY INTERNATIONAL AIRPORT, NJ US","  77.6","24","  67.9","24","1019.7","23","018.8","24"," 10.0","24","  6.2","24","  9.9","999.9","  91.0"," ","  75.0"," "," 0.00","G","999.9","000000"
"72502014734","2022-08-29","40.68275","-74.16927","1.9","NEWARK LIBERTY INTERNATIONAL AIRPORT, NJ US","  78.9","24","  70.5","24","1019.3","22","018.6","24","  9.9","24","  6.3","24"," 12.0"," 18.1","  87.1"," ","  75.0"," "," 0.01","G","999.9","010000"
"72502014734","2022-08-30","40.68275","-74.16927","1.9","NEWARK LIBERTY INTERNATIONAL AIRPORT, NJ US","  81.0","24","  70.2","24","1012.6","21","012.2","24"," 10.0","24","  8.9","24"," 13.0"," 24.1","  90.0"," ","  73.9"," "," 0.00","I","999.9","000000"
"72502014734","2022-08-31","40.68275","-74.16927","1.9","NEWARK LIBERTY INTERNATIONAL AIRPORT, NJ US","  77.5","24","  63.3","24","1008.6","24","007.6","24","  9.7","24","  9.2","24"," 17.1"," 22.0","  90.0"," ","  70.0"," "," 0.43","G","999.9","010010"
"72502014734","2022-09-01","40.68275","-74.16927","1.9","NEWARK LIBERTY INTERNATIONAL AIRPORT, NJ US","  77.3","24","  51.2","24","1012.3","24","011.3","24"," 10.0","24","  9.9","24"," 17.1"," 22.9","  88.0"," ","  66.9"," "," 0.00","G","999.9","000000"
"72502014734","2022-09-02","40.68275","-74.16927","1.9","NEWARK LIBERTY INTERNATIONAL AIRPORT, NJ US","  71.1","24","  50.2","24","1021.7","24","020.7","24"," 10.0","24","  8.1","24"," 14.0"," 15.9","  88.0"," ","  61.0"," "," 0.00","G","999.9","000000"
"72502014734","2022-09-03","40.68275","-74.16927","1.9","NEWARK LIBERTY INTERNATIONAL AIRPORT, NJ US","  72.8","24","  60.4","24","1024.7","24","023.7","24"," 10.0","24","  5.2","24","  9.9","999.9","  81.0"," ","  61.0"," "," 0.00","G","999.9","000000"
"72502014734","2022-09-04","40.68275","-74.16927","1.9","NEWARK LIBERTY INTERNATIONAL AIRPORT, NJ US","  77.6","24","  65.2","24","1020.2","23","019.2","24"," 10.0","24","  6.2","24"," 12.0"," 15.9","  93.0"," ","  63.0"," "," 0.00","G","999.9","010010"
"72502014734","2022-09-05","40.68275","-74.16927","1.9","NEWARK LIBERTY INTERNATIONAL AIRPORT, NJ US","  78.8","24","  68.2","24","1018.1","24","017.2","24"," 10.0","24","  5.2","24"," 11.1"," 15.9","  93.0"," ","  70.0"," "," 0.01","G","999.9","010010"
"72502014734","2022-09-06","40.68275","-74.16927","1.9","NEWARK LIBERTY INTERNATIONAL AIRPORT, NJ US","  73.5","24","  69.5","24","1015.9","20","014.8","24","  7.3","24","  5.2","24","  8.0","999.9","  87.1"," ","  68.0"," "," 0.14","G","999.9","010000"
"72502014734","2022-09-07","40.68275","-74.16927","1.9","NEWARK LIBERTY INTERNATIONAL AIRPORT, NJ US","  68.8","24","  63.4","24","1015.6","22","014.6","24","  9.1","24","  9.9","24"," 13.0"," 19.0","  75.0"," ","  64.9"," "," 0.48","G","999.9","010000"
"72502014734","2022-09-08","40.68275","-74.16927","1.9","NEWARK LIBERTY INTERNATIONAL AIRPORT, NJ US","  71.1","24","  58.6","24","1013.3","24","012.3","24"," 10.0","24","  8.4","24"," 12.0","999.9","  80.1"," ","  64.0"," "," 0.01","G","999.9","000000"
"72502014734","2022-09-09","40.68275","-74.16927","1.9","NEWARK LIBERTY INTERNATIONAL AIRPORT, NJ US","  71.3","24","  54.1","24","1016.3","24","015.3","24"," 10.0","24","  5.1","24","  8.9","999.9","  82.0"," ","  62.1"," "," 0.00","G","999.9","000000"
"72502014734","2022-09-10","40.68275","-74.16927","1.9","NEWARK LIBERTY INTERNATIONAL AIRPORT, NJ US","  73.2","24","  56.7","24","1022.5","24","021.5","24"," 10.0","24","  3.2","24","  6.0","999.9","  89.1"," ","  61.0"," "," 0.00","G","999.9","000000"
"72502014734","2022-09-11","40.68275","-74.16927","1.9","NEWARK LIBERTY INTERNATIONAL AIRPORT, NJ US","  73.2","24","  63.8","24","1021.0","24","020.0","24","  9.5","24","  4.3","24","  8.0","999.9","  87.1"," ","  61.0"," "," 0.00","G","999.9","010000"
"72502014734","2022-09-12","40.68275","-74.16927","1.9","NEWARK LIBERTY INTERNATIONAL AIRPORT, NJ US","  74.0","24","  67.7","24","1011.2","20","010.7","24","  6.6","24","  4.4","24","  7.0","999.9","  84.9"," ","  68.0"," "," 0.44","G","999.9","010000"
"72502014734","2022-09-13","40.68275","-74.16927","1.9","NEWARK LIBERTY INTERNATIONAL AIRPORT, NJ US","  76.5","24","  68.8","24","1007.3","21","006.3","24","  8.6","24","  5.6","24"," 14.0"," 22.9","  84.9"," ","  68.0"," "," 0.79","G","999.9","010010"
"72502014734","2022-09-14","40.68275","-74.16927","1.9","NEWARK LIBERTY INTERNATIONAL AIRPORT, NJ US","  72.0","24","  54.1","24","1012.4","24","011.4","24"," 10.0","24","  8.9","24"," 15.0"," 21.0","  84.9"," ","  61.0"," "," 0.35","G","999.9","000000"
"72502014734","2022-09-15","40.68275","-74.16927","1.9","NEWARK LIBERTY INTERNATIONAL AIRPORT, NJ US","  70.9","24","  50.8","24","1019.2","24","018.1","24"," 10.0","24","  9.6","24"," 15.0"," 22.0","  82.9"," ","  61.0"," "," 0.00","G","999.9","000000"
"72502014734","2022-09-16","40.68275","-74.16927","1.9","NEWARK LIBERTY INTERNATIONAL AIRPORT, NJ US","  66.5","24","  42.6","24","1021.8","24","020.9","24"," 10.0","24","  6.1","24","  9.9"," 17.1","  78.1"," ","  53.1"," "," 0.00","G","999.9","000000"
"72502014734","2022-09-17","40.68275","-74.16927","1.9","NEWARK LIBERTY INTERNATIONAL AIRPORT, NJ US","  70.3","24","  53.5","24","1023.4","24","022.4","24"," 10.0","24","  6.6","24","  9.9","999.9","  78.1"," ","  53.1"," "," 0.00","G","999.9","000000"
"72502014734","2022-09-18","40.68275","-74.16927","1.9","NEWARK LIBERTY INTERNATIONAL AIRPORT, NJ US","  73.1","24","  61.1","24","1019.0","24","018.1","24"," 10.0","24","  9.3","24"," 15.0"," 25.1","  84.9"," ","  63.0"," "," 0.00","G","999.9","000000"
"72502014734","2022-09-19","40.68275","-74.16927","1.9","NEWARK LIBERTY INTERNATIONAL AIRPORT, NJ US","  76.2","24","  60.5","24","1013.4","24","012.4","24","  9.9","24","  9.2","24"," 18.1"," 31.1","  88.0"," ","  63.0"," "," 0.00","G","999.9","010010"
"72502014734","2022-09-20","40.68275","-74.16927","1.9","NEWARK LIBERTY INTERNATIONAL AIRPORT, NJ US","  72.2","24","  61.2","24","1011.4","24","010.4","24"," 10.0","24","  8.7","24"," 18.1"," 22.9","  88.0"," ","  66.9"," "," 0.08","G","999.9","000000"
"72502014734","2022-09-21","40.68275","-74.16927","1.9","NEWARK LIBERTY INTERNATIONAL AIRPORT, NJ US","  71.7","24","  57.4","24","1013.4","24","012.5","24"," 10.0","24","  6.1","24"," 11.1"," 17.1","  82.9"," ","  61.0"," "," 0.00","G","999.9","000000"
"72502014734","2022-09-22","40.68275","-74.16927","1.9","NEWARK LIBERTY INTERNATIONAL AIRPORT, NJ US","  70.3","24","  60.5","24","1005.2","23","004.0","24","  9.7","24"," 10.6","24"," 21.0"," 29.9","  82.9"," ","  61.0"," "," 0.19","G","999.9","010010"
"72502014734","2022-09-23","40.68275","-74.16927","1.9","NEWARK LIBERTY INTERNATIONAL AIRPORT, NJ US","  57.4","24","  38.8","24","1011.2","24","010.2","24"," 10.0","24"," 14.1","24"," 22.0"," 32.1","  78.1"," ","  50.0"," "," 0.15","G","999.9","000000"
"72502014734","2022-09-24","40.68275","-74.16927","1.9","NEWARK LIBERTY INTERNATIONAL AIRPORT, NJ US","  58.1","24","  37.2","24","1015.9","24","014.9","24"," 10.0","24","  7.0","24"," 11.1"," 19.0","  82.9"," ","  46.9"," "," 0.00","G","999.9","000000"
"72502014734","2022-09-25","40.68275","-74.16927","1.9","NEWARK LIBERTY INTERNATIONAL AIRPORT, NJ US","  64.9","24","  49.2","24","1008.7","24","007.8","24"," 10.0","24","  6.7","24","  9.9"," 17.1","  75.9"," ","  46.9"," "," 0.00","G","999.9","000000"
"72502014734","2022-09-26","40.68275","-74.16927","1.9","NEWARK LIBERTY INTERNATIONAL AIRPORT, NJ US","  65.2","24","  53.8","24","1004.9","22","003.7","24","  9.4","24","  7.6","24"," 14.0"," 26.0","  75.9"," ","  57.9"," "," 1.44","G","999.9","010010"
"72502014734","2022-09-27","40.68275","-74.16927","1.9","NEWARK LIBERTY INTERNATIONAL AIRPORT, NJ US","  63.4","24","  46.3","24","1010.0","24","008.9","24"," 10.0","24","  9.1","24"," 15.9"," 21.0","  75.0"," ","  53.1"," "," 0.00","G","999.9","000000"
"72502014734","2022-09-28","40.68275","-74.16927","1.9","NEWARK LIBERTY INTERNATIONAL AIRPORT, NJ US","  59.8","24","  46.4","24","1017.4","24","016.5","24"," 10.0","24","  8.2","24"," 12.0"," 20.0","  71.1"," ","  48.9"," "," 0.00","G","999.9","000000"
"72502014734","2022-09-29","40.68275","-74.16927","1.9","NEWARK LIBERTY INTERNATIONAL AIRPORT, NJ US","  60.2","24","  46.0","24","1026.0","24","025.0","24"," 10.0","24"," 10.9","24"," 15.9"," 22.0","  71.1"," ","  48.9"," "," 0.00","G","999.9","000000"
"72502014734","2022-09-30","40.68275","-74.16927","1.9","NEWARK LIBERTY INTERNATIONAL AIRPORT, NJ US","  56.1","24","  43.5","24","1026.2","24","025.2","24"," 10.0","24","  9.6","24"," 11.1","999.9","  68.0"," ","  50.0"," "," 0.00","G","999.9","000000"
"72502014734","2022-10-01","40.68275","-74.16927","1.9","NEWARK LIBERTY INTERNATIONAL AIRPORT, NJ US","  55.2","24","  51.7","24","1018.3","19","016.8","24","  7.9","24"," 12.0","24"," 18.1"," 22.9","  62.1"," ","  50.0"," "," 0.35","G","999.9","010000"
"72502014734","2022-10-02","40.68275","-74.16927","1.9","NEWARK LIBERTY INTERNATIONAL AIRPORT, NJ US","  56.3","24","  48.6","24","1016.9","23","016.3","21","  8.9","24"," 15.0","24"," 20.0"," 28.9","  60.1"," ","  50.0"," "," 0.27","G","999.9","010000"
"72502014734","2022-10-03","40.68275","-74.16927","1.9","NEWARK LIBERTY INTERNATIONAL AIRPORT, NJ US","  49.9","24","  38.3","24","1022.5","24","999.9"," 0","  9.8","24"," 16.3","24"," 27.0"," 34.0","  60.1"," ","  46.9"," "," 0.52","G","999.9","010000"
"72502014734","2022-10-04","40.68275","-74.16927","1.9","NEWARK LIBERTY INTERNATIONAL AIRPORT, NJ US","  46.9","24","  46.2","24","1016.7","22","014.8","20","  6.0","24"," 13.7","24"," 18.1"," 22.9","  51.1","*","  42.8","*"," 1.91","G","999.9","010000"
"72502014734","2022-10-05","40.68275","-74.16927","1.9","NEWARK LIBERTY INTERNATIONAL AIRPORT, NJ US","  52.8","24","  52.1","24","1012.6","21","011.6","21","  6.9","24"," 11.8","24"," 15.0","999.9","  59.0"," ","  43.0"," "," 0.63","G","999.9","010000"
"72502014734","2022-10-06","40.68275","-74.16927","1.9","NEWARK LIBERTY INTERNATIONAL AIRPORT, NJ US","  60.4","24","  49.0","24","1014.1","23","013.1","24"," 10.0","24","  4.0","24","  9.9","999.9","  75.0"," ","  48.9"," "," 0.12","G","999.9","000000"
"72502014734","2022-10-07","40.68275","-74.16927","1.9","NEWARK LIBERTY INTERNATIONAL AIRPORT, NJ US","  64.7","24","  51.2","24","1014.2","24","013.2","24"," 10.0","24","  6.4","24"," 15.0"," 20.0","  75.9"," ","  48.9"," "," 0.00","G","999.9","000000"
"72502014734","2022-10-08","40.68275","-74.16927","1.9","NEWARK LIBERTY INTERNATIONAL AIRPORT, NJ US","  54.6","24","  39.9","24","1019.7","24","018.7","24"," 10.0","24"," 11.2","24"," 17.1"," 22.0","  75.9"," ","  46.9"," "," 0.02","G","999.9","010000"
"72502014734","2022-10-09","40.68275","-74.16927","1.9","NEWARK LIBERTY INTERNATIONAL AIRPORT, NJ US","  49.7","24","  35.8","24","1020.9","24","019.9","24"," 10.0","24","  8.3","24"," 15.0"," 21.0","  61.0"," ","  37.0"," "," 0.00","I","999.9","000000"
"72502014734","2022-10-10","40.68275","-74.16927","1.9","NEWARK LIBERTY INTERNATIONAL AIRPORT, NJ US","  53.5","24","  38.6","24","1021.8","23","020.9","24"," 10.0","24","  6.7","24"," 13.0"," 22.0","  66.9"," ","  37.0"," "," 0.00","G","999.9","000000"
"72502014734","2022-10-11","40.68275","-74.16927","1.9","NEWARK LIBERTY INTERNATIONAL AIRPORT, NJ US","  57.3","24","  42.8","24","1025.1","24","024.1","24"," 10.0","24","  4.8","24","  9.9"," 17.1","  71.1"," ","  42.1"," "," 0.00","G","999.9","000000"
"72502014734","2022-10-12","40.68275","-74.16927","1.9","NEWARK LIBERTY INTERNATIONAL AIRPORT, NJ US","  58.3","24","  46.8","24","1023.4","24","022.5","24"," 10.0","24","  5.6","24"," 11.1"," 18.1","  71.1"," ","  43.0"," "," 0.00","G","999.9","000000"
"72502014734","2022-10-13","40.68275","-74.16927","1.9","NEWARK LIBERTY INTERNATIONAL AIRPORT, NJ US","  61.6","24","  58.7","24","1013.9","22","012.5","24","  9.7","24","  6.3","24"," 12.0"," 20.0","  68.0"," ","  46.9"," "," 0.00","G","999.9","010000"
"72502014734","2022-10-14","40.68275","-74.16927","1.9","NEWARK LIBERTY INTERNATIONAL AIRPORT, NJ US","  61.2","24","  46.7","24","1011.5","20","010.0","24","  9.2","24","  8.4","24"," 12.0"," 21.0","  73.0"," ","  50.0"," "," 0.39","G","999.9","010000"
"72502014734","2022-10-15","40.68275","-74.16927","1.9","NEWARK LIBERTY INTERNATIONAL AIRPORT, NJ US","  60.0","24","  43.3","24","1016.0","24","015.0","24"," 10.0","24","  5.1","24"," 14.0"," 19.0","  71.1"," ","  46.9"," "," 0.01","G","999.9","000000"
"72502014734","2022-10-16","40.68275","-74.16927","1.9","NEWARK LIBERTY INTERNATIONAL AIRPORT, NJ US","  59.5","24","  45.4","24","1014.4","24","013.4","24"," 10.0","24","  4.8","24"," 12.0","999.9","  71.1"," ","  46.9"," "," 0.00","G","999.9","000000"
"72502014734","2022-10-17","40.68275","-74.16927","1.9","NEWARK LIBERTY INTERNATIONAL AIRPORT, NJ US","  61.0","24","  49.0","24","1006.8","23","005.8","24","  9.8","24","  5.3","24"," 15.9","999.9","  69.1"," ","  51.1"," "," 0.03","G","999.9","010000"
"72502014734","2022-10-18","40.68275","-74.16927","1.9","NEWARK LIBERTY INTERNATIONAL AIRPORT, NJ US","  53.9","24","  36.3","24","1003.9","24","003.0","24"," 10.0","24","  8.5","24"," 15.0"," 20.0","  69.1"," ","  48.0"," "," 0.26","G","999.9","010000"
"72502014734","2022-10-19","40.68275","-74.16927","1.9","NEWARK LIBERTY INTERNATIONAL AIRPORT, NJ US","  47.4","24","  31.8","24","1009.2","24","008.2","24"," 10.0","24","  8.6","24"," 15.9"," 22.0","  60.1"," ","  37.0"," "," 0.00","G","999.9","000000"
"72502014734","2022-10-20","40.68275","-74.16927","1.9","NEWARK LIBERTY INTERNATIONAL AIRPORT, NJ US","  50.5","24","  31.9","24","1014.3","24","013.4","24"," 10.0","24"," 10.7","24"," 15.0"," 26.0","  61.0"," ","  37.0"," "," 0.00","G","999.9","000000"
"72502014734","2022-10-21","40.68275","-74.16927","1.9","NEWARK LIBERTY INTERNATIONAL AIRPORT, NJ US","  53.5","24","  33.9","24","1018.9","24","018.0","24"," 10.0","24","  3.2","24","  9.9","999.9","  66.9"," ","  39.9"," "," 0.00","G","999.9","000000"
"72502014734","2022-10-22","40.68275","-74.16927","1.9","NEWARK LIBERTY INTERNATIONAL AIRPORT, NJ US","  56.0","24","  39.5","24","1023.5","24","022.6","24"," 10.0","24","  2.8","24","  8.0","999.9","  69.1"," ","  41.0"," "," 0.00","G","999.9","000000"
"72502014734","2022-10-23","40.68275","-74.16927","1.9","NEWARK LIBERTY INTERNATIONAL AIRPORT, NJ US","  57.6","24","  47.2","24","1025.0","24","024.0","24"," 10.0","24","  7.2","24"," 11.1","999.9","  69.1"," ","  42.1"," "," 0.00","G","999.9","010000"
"72502014734","2022-10-24","40.68275","-74.16927","1.9","NEWARK LIBERTY INTERNATIONAL AIRPORT, NJ US","  57.9","24","  53.7","24","1021.7","18","020.6","24","  4.9","24","  9.9","24"," 13.0","999.9","  63.0"," ","  52.0"," "," 0.98","G","999.9","010000"
"72502014734","2022-10-25","40.68275","-74.16927","1.9","NEWARK LIBERTY INTERNATIONAL AIRPORT, NJ US","  65.5","24","  62.9","24","1018.8","14","017.9","24","  3.5","24","  4.7","24","  8.0","999.9","  73.9"," ","  55.0"," "," 0.38","G","999.9","110000"
"72502014734","2022-10-26","40.68275","-74.16927","1.9","NEWARK LIBERTY INTERNATIONAL AIRPORT, NJ US","  67.0","24","  63.5","24","1011.6","22","010.5","24","  3.1","24","  2.4","24"," 12.0","999.9","  75.0"," ","  62.1"," "," 0.01","G","999.9","110000"
"72502014734","2022-10-27","40.68275","-74.16927","1.9","NEWARK LIBERTY INTERNATIONAL AIRPORT, NJ US","  62.4","24","  46.3","24","1015.6","24","014.6","24"," 10.0","24"," 10.6","24"," 15.9"," 24.1","  75.0"," ","  55.9"," "," 0.00","G","999.9","000000"
"72502014734","2022-10-28","40.68275","-74.16927","1.9","NEWARK LIBERTY INTERNATIONAL AIRPORT, NJ US","  52.5","24","  32.5","24","1030.9","24","030.0","24"," 10.0","24"," 10.1","24"," 17.1","999.9","  68.0"," ","  44.1"," "," 0.00","G","999.9","000000"
"72502014734","2022-10-29","40.68275","-74.16927","1.9","NEWARK LIBERTY INTERNATIONAL AIRPORT, NJ US","  51.3","24","  35.5","24","1031.7","24","030.7","24"," 10.0","24","  5.4","24","  9.9","999.9","  62.1"," ","  41.0"," "," 0.00","G","999.9","000000"
"72502014734","2022-10-30","40.68275","-74.16927","1.9","NEWARK LIBERTY INTERNATIONAL AIRPORT, NJ US","  51.6","24","  33.6","24","1024.9","23","024.0","24"," 10.0","24","  2.2","24","  5.1","999.9","  64.9"," ","  37.0"," "," 0.00","G","999.9","000000"
"72502014734","2022-10-31","40.68275","-74.16927","1.9","NEWARK LIBERTY INTERNATIONAL AIRPORT, NJ US","  56.6","24","  46.3","24","1018.6","24","017.7","24","  9.9","24","  4.4","24"," 11.1","999.9","  66.9"," ","  37.0"," "," 0.00","G","999.9","000000"
"72502014734","2022-11-01","40.68275","-74.16927","1.9","NEWARK LIBERTY INTERNATIONAL AIRPORT, NJ US","  63.3","24","  57.5","24","1016.1","20","015.0","24","  8.9","24","  6.7","24"," 13.0","999.9","  72.0"," ","  46.9"," "," 0.17","G","999.9","010000"
"72502014734","2022-11-02","40.68275","-74.16927","1.9","NEWARK LIBERTY INTERNATIONAL AIRPORT, NJ US","  63.9","24","  49.2","24","1023.1","24","022.1","24"," 10.0","24","  6.6","24"," 14.0","999.9","  73.0"," ","  55.9"," "," 0.07","G","999.9","000000"
"72502014734","2022-11-03","40.68275","-74.16927","1.9","NEWARK LIBERTY INTERNATIONAL AIRPORT, NJ US","  59.2","24","  45.1","24","1028.3","24","027.3","24"," 10.0","24","  3.0","24","  7.0","999.9","  73.0"," ","  46.9"," "," 0.00","G","999.9","000000"
"72502014734","2022-11-04","40.68275","-74.16927","1.9","NEWARK LIBERTY INTERNATIONAL AIRPORT, NJ US","  59.2","24","  51.9","24","1027.5","24","026.7","24","  9.4","24","  3.0","24","  7.0","999.9","  73.0"," ","  46.9"," "," 0.00","G","999.9","000000"
"72502014734","2022-11-05","40.68275","-74.16927","1.9","NEWARK LIBERTY INTERNATIONAL AIRPORT, NJ US","  68.3","24","  59.1","24","1024.0","24","023.0","24"," 10.0","24","  6.2","24"," 14.0"," 22.9","  79.0"," ","  48.9"," "," 0.00","G","999.9","000000"
"72502014734","2022-11-06","40.68275","-74.16927","1.9","NEWARK LIBERTY INTERNATIONAL AIRPORT, NJ US","  70.5","24","  61.8","24","1022.3","24","021.3","24","  9.9","24","  6.2","24"," 13.0"," 22.9","  79.0"," ","  61.0"," "," 0.00","G","999.9","010000"
"72502014734","2022-11-07","40.68275","-74.16927","1.9","NEWARK LIBERTY INTERNATIONAL AIRPORT, NJ US","  73.4","24","  55.0","24","1021.2","24","020.2","24"," 10.0","24"," 10.3","24"," 15.0"," 22.0","  81.0"," ","  66.0"," "," 0.01","G","999.9","010000"
"72502014734","2022-11-08","40.68275","-74.16927","1.9","NEWARK LIBERTY INTERNATIONAL AIRPORT, NJ US","  56.8","24","  25.3","24","1031.1","24","030.1","24"," 10.0","24"," 12.8","24"," 20.0"," 26.0","  81.0"," ","  48.0"," "," 0.00","I","999.9","000000"
"72502014734","2022-11-09","40.68275","-74.16927","1.9","NEWARK LIBERTY INTERNATIONAL AIRPORT, NJ US","  47.6","24","  26.5","24","1036.9","24","035.9","24"," 10.0","24","  8.3","24"," 14.0"," 22.0","  62.1"," ","  37.9"," "," 0.00","G","999.9","000000"
"72502014734","2022-11-10","40.68275","-74.16927","1.9","NEWARK LIBERTY INTERNATIONAL AIRPORT, NJ US","  53.4","24","  42.4","24","1029.9","24","028.9","24"," 10.0","24","  4.3","24"," 11.1","999.9","  70.0"," ","  37.9"," "," 0.00","G","999.9","000000"
"72502014734","2022-11-11","40.68275","-74.16927","1.9","NEWARK LIBERTY INTERNATIONAL AIRPORT, NJ US","  62.0","24","  56.5","24","1018.2","23","017.3","24","  8.1","24","  4.3","24","  8.9"," 17.1","  68.0","*","  57.9","*"," 0.00","G","999.9","010000"
"72502014734","2022-11-12","40.68275","-74.16927","1.9","NEWARK LIBERTY INTERNATIONAL AIRPORT, NJ US","  70.3","24","  60.2","24","1002.9","22","001.2","24","  8.9","24"," 11.8","24"," 19.0"," 25.1","  73.9"," ","  55.9"," "," 0.81","G","999.9","010000"
"72502014734","2022-11-13","40.68275","-74.16927","1.9","NEWARK LIBERTY INTERNATIONAL AIRPORT, NJ US","  56.6","24","  43.1","24","1010.1","23","008.8","24"," 10.0","24","  9.9","24"," 20.0"," 26.0","  73.9"," ","  46.9"," "," 0.04","G","999.9","010000"
"72502014734","2022-11-14","40.68275","-74.16927","1.9","NEWARK LIBERTY INTERNATIONAL AIRPORT, NJ US","  43.2","24","  24.6","24","1023.7","24","022.7","24"," 10.0","24"," 10.7","24"," 15.0"," 24.1","  46.9","*","  39.0","*"," 0.00","I","999.9","000000"
"72502014734","2022-11-15","40.68275","-74.16927","1.9","NEWARK LIBERTY INTERNATIONAL AIRPORT, NJ US","  39.6","24","  25.4","24","1030.0","24","029.0","24"," 10.0","24","  8.8","24"," 12.0","999.9","  48.0"," ","  33.1"," "," 0.00","G","999.9","010000"
"72502014734","2022-11-16","40.68275","-74.16927","1.9","NEWARK LIBERTY INTERNATIONAL AIRPORT, NJ US","  44.3","24","  36.6","24","1015.2","23","014.4","24","  7.7","24"," 12.7","24"," 19.0"," 27.0","  53.1"," ","  33.1"," "," 0.82","G","999.9","010000"
"72502014734","2022-11-17","40.68275","-74.16927","1.9","NEWARK LIBERTY INTERNATIONAL AIRPORT, NJ US","  42.1","24","  25.3","24","1013.7","24","012.8","24"," 10.0","24"," 13.6","24"," 22.0"," 28.9","  53.1"," ","  37.9"," "," 0.24","G","999.9","000000"
"72502014734","2022-11-18","40.68275","-74.16927","1.9","NEWARK LIBERTY INTERNATIONAL AIRPORT, NJ US","  38.9","24","  21.1","24","1018.7","24","017.8","24"," 10.0","24"," 11.0","24"," 18.1"," 28.0","  48.0"," ","  32.0"," "," 0.00","G","999.9","000000"
"72502014734","2022-11-19","40.68275","-74.16927","1.9","NEWARK LIBERTY INTERNATIONAL AIRPORT, NJ US","  36.8","24","  19.0","24","1022.0","24","021.1","24"," 10.0","24"," 11.2","24"," 21.0"," 27.0","  46.0"," ","  27.0"," "," 0.00","G","999.9","001000"
"72502014734","2022-11-20","40.68275","-74.16927","1.9","NEWARK LIBERTY INTERNATIONAL AIRPORT, NJ US","  35.0","24","  12.7","24","1018.7","24","017.8","24"," 10.0","24"," 11.8","24"," 24.1"," 35.9","  42.1"," ","  27.0"," "," 0.00","G","999.9","000000"
"72502014734","2022-11-21","40.68275","-74.16927","1.9","NEWARK LIBERTY INTERNATIONAL AIRPORT, NJ US","  33.3","24","   9.0","24","1029.1","24","028.1","24"," 10.0","24","  9.0","24"," 14.0"," 21.0","  44.1"," ","  24.1"," "," 0.00","G","999.9","000000"
"72502014734","2022-11-22","40.68275","-74.16927","1.9","NEWARK LIBERTY INTERNATIONAL AIRPORT, NJ US","  42.1","24","  21.3","24","1026.4","24","025.4","24"," 10.0","24","  8.0","24"," 14.0"," 19.0","  53.1"," ","  24.1"," "," 0.00","G","999.9","000000"
"72502014734","2022-11-23","40.68275","-74.16927","1.9","NEWARK LIBERTY INTERNATIONAL AIRPORT, NJ US","  45.5","24","  23.5","24","1022.7","24","021.7","24"," 10.0","24","  6.8","24","  8.9"," 17.1","  57.9"," ","  30.9"," "," 0.00","G","999.9","000000"
"72502014734","2022-11-24","40.68275","-74.16927","1.9","NEWARK LIBERTY INTERNATIONAL AIRPORT, NJ US","  44.8","24","  31.1","24","1027.8","24","026.9","24"," 10.0","24","  4.6","24","  8.9","999.9","  57.9"," ","  32.0"," "," 0.00","G","999.9","000000"
"72502014734","2022-11-25","40.68275","-74.16927","1.9","NEWARK LIBERTY INTERNATIONAL AIRPORT, NJ US","  47.8","24","  40.2","24","1016.4","23","015.2","24","  8.9","24","  7.7","24"," 15.9"," 27.0","  57.9"," ","  32.0"," "," 0.00","G","999.9","010000"
"72502014734","2022-11-26","40.68275","-74.16927","1.9","NEWARK LIBERTY INTERNATIONAL AIRPORT, NJ US","  50.0","24","  26.3","24","1015.1","24","014.2","24"," 10.0","24"," 11.7","24"," 19.0"," 35.0","  60.1"," ","  41.0"," "," 0.01","G","999.9","000000"
"72502014734","2022-11-27","40.68275","-74.16927","1.9","NEWARK LIBERTY INTERNATIONAL AIRPORT, NJ US","  48.1","24","  35.1","24","1010.3","23","009.4","24","  9.5","24","  5.8","24","  9.9","999.9","  60.1"," ","  42.1"," "," 0.00","G","999.9","010000"
"72502014734","2022-11-28","40.68275","-74.16927","1.9","NEWARK LIBERTY INTERNATIONAL AIRPORT, NJ US","  53.3","24","  42.8","24","1002.8","24","001.0","24","  9.6","24"," 12.9","24"," 21.0"," 28.0","  60.1"," ","  42.1"," "," 0.52","G","999.9","010000"
"72502014734","2022-11-29","40.68275","-74.16927","1.9","NEWARK LIBERTY INTERNATIONAL AIRPORT, NJ US","  41.5","24","  28.4","24","1022.4","24","021.4","24"," 10.0","24","  5.9","24"," 15.0"," 21.0","  55.9"," ","  33.1"," "," 0.00","G","999.9","000000"
"72502014734","2022-11-30","40.68275","-74.16927","1.9","NEWARK LIBERTY INTERNATIONAL AIRPORT, NJ US","  46.7","24","  39.6","24","1017.7","21","016.1","24","  8.6","24","  7.0","24"," 20.0"," 32.1","  60.1"," ","  33.1"," "," 0.00","G","999.9","010000"
"72502014734","2022-12-01","40.68275","-74.16927","1.9","NEWARK LIBERTY INTERNATIONAL AIRPORT, NJ US","  42.0","24","  21.3","24","1019.0","24","018.1","24"," 10.0","24"," 15.0","24"," 25.1"," 31.1","  60.1"," ","  36.0"," "," 0.49","G","999.9","000000"
"72502014734","2022-12-02","40.68275","-74.16927","1.9","NEWARK LIBERTY INTERNATIONAL AIRPORT, NJ US","  37.5","24","  20.8","24","1032.6","24","031.7","24"," 10.0","24","  4.9","24","  8.9","999.9","  46.0"," ","  28.9"," "," 0.00","G","999.9","000000"
"72502014734","2022-12-03","40.68275","-74.16927","1.9","NEWARK LIBERTY INTERNATIONAL AIRPORT, NJ US","  50.6","24","  43.1","24","1023.8","21","021.8","24","  8.9","24","  8.7","24"," 18.1"," 28.9","  59.0"," ","  28.9"," "," 0.00","G","999.9","010000"
"72502014734","2022-12-04","40.68275","-74.16927","1.9","NEWARK LIBERTY INTERNATIONAL AIRPORT, NJ US","  45.2","24","  25.3","24","1021.3","24","020.4","24"," 10.0","24","  8.4","24"," 15.9"," 22.0","  59.0"," ","  37.9"," "," 0.39","G","999.9","000000"
"72502014734","2022-12-05","40.68275","-74.16927","1.9","NEWARK LIBERTY INTERNATIONAL AIRPORT, NJ US","  39.3","24","  22.7","24","1024.0","24","023.0","24"," 10.0","24","  4.6","24","  8.9","999.9","  48.9"," ","  28.9"," "," 0.00","G","999.9","000000"
"72502014734","2022-12-06","40.68275","-74.16927","1.9","NEWARK LIBERTY INTERNATIONAL AIRPORT, NJ US","  46.0","24","  38.7","24","1025.8","24","024.9","24","  8.9","24","  4.4","24","  8.9","999.9","  57.9"," ","  28.9"," "," 0.00","G","999.9","010000"
"72502014734","2022-12-07","40.68275","-74.16927","1.9","NEWARK LIBERTY INTERNATIONAL AIRPORT, NJ US","  57.5","24","  55.4","24","1021.7","20","020.8","24","  4.6","24","  5.7","24"," 11.1"," 15.9","  59.0","*","  55.0","*"," 0.84","G","999.9","010000"
"72502014734","2022-12-08","40.68275","-74.16927","1.9","NEWARK LIBERTY INTERNATIONAL AIRPORT, NJ US","  53.2","24","  42.5","24","1021.7","24","020.8","24","  9.5","24","  9.6","24"," 15.0"," 22.9","  60.1"," ","  48.9"," "," 0.01","G","999.9","000000"
"72502014734","2022-12-09","40.68275","-74.16927","1.9","NEWARK LIBERTY INTERNATIONAL AIRPORT, NJ US","  42.5","24","  26.7","24","1025.0","24","024.0","24"," 10.0","24"," 10.5","24"," 15.0"," 21.0","  55.0"," ","  34.0"," "," 0.00","G","999.9","000000"
"72502014734","2022-12-10","40.68275","-74.16927","1.9","NEWARK LIBERTY INTERNATIONAL AIRPORT, NJ US","  35.9","24","  19.0","24","1027.4","24","026.5","24"," 10.0","24","  8.6","24"," 13.0","999.9","  48.0"," ","  28.9"," "," 0.00","G","999.9","000000"
"72502014734","2022-12-11","40.68275","-74.16927","1.9","NEWARK LIBERTY INTERNATIONAL AIRPORT, NJ US","  38.7","24","  31.1","24","1024.9","23","024.1","24","  8.8","24","  7.7","24"," 11.1","999.9","  42.1"," ","  28.9"," "," 0.00","G","999.9","011000"
"72502014734","2022-12-12","40.68275","-74.16927","1.9","NEWARK LIBERTY INTERNATIONAL AIRPORT, NJ US","  35.5","24","  30.2","24","1020.4","19","019.3","24","  7.5","24"," 10.8","24"," 15.0","999.9","  41.0"," ","  32.0"," "," 0.30","G","999.9","011000"
"72502014734","2022-12-13","40.68275","-74.16927","1.9","NEWARK LIBERTY INTERNATIONAL AIRPORT, NJ US","  32.7","24","  19.0","24","1025.1","24","024.1","24"," 10.0","24","  8.9","24"," 12.0","999.9","  43.0"," ","  24.1"," "," 0.00","G","999.9","000000"
"72502014734","2022-12-14","40.68275","-74.16927","1.9","NEWARK LIBERTY INTERNATIONAL AIRPORT, NJ US","  35.5","24","  16.6","24","1020.9","24","019.9","24"," 10.0","24","  9.6","24"," 13.0"," 20.0","  43.0"," ","  24.1"," "," 0.00","G","999.9","000000"
"72502014734","2022-12-15","40.68275","-74.16927","1.9","NEWARK LIBERTY INTERNATIONAL AIRPORT, NJ US","  36.3","24","  26.4","24","1021.9","23","021.2","24","  9.3","24","  9.4","24"," 14.0"," 24.1","  43.0","*","  32.0","*"," 0.00","G","999.9","010000"
"72502014734","2022-12-16","40.68275","-74.16927","1.9","NEWARK LIBERTY INTERNATIONAL AIRPORT, NJ US","  43.8","24","  40.0","24","1006.7","20","005.8","24","  4.6","24"," 14.9","24"," 18.1"," 28.9","  46.0"," ","  32.0"," "," 0.87","G","999.9","010000"
"72502014734","2022-12-17","40.68275","-74.16927","1.9","NEWARK LIBERTY INTERNATIONAL AIRPORT, NJ US","  41.4","24","  31.2","24","1006.1","22","004.6","24","  9.7","24"," 10.9","24"," 15.9"," 25.1","  46.9"," ","  37.0"," "," 0.32","G","999.9","010000"
"72502014734","2022-12-18","40.68275","-74.16927","1.9","NEWARK LIBERTY INTERNATIONAL AIRPORT, NJ US","  37.3","24","  21.3","24","1012.1","24","011.1","24"," 10.0","24","  9.2","24"," 15.9"," 22.0","  46.9"," ","  30.9"," "," 0.00","G","999.9","000000"
"72502014734","2022-12-19","40.68275","-74.16927","1.9","NEWARK LIBERTY INTERNATIONAL AIRPORT, NJ US","  34.7","24","  19.2","24","1021.3","24","020.4","24"," 10.0","24"," 12.0","24"," 20.0"," 24.1","  43.0"," ","  30.0"," "," 0.00","G","999.9","000000"
"72502014734","2022-12-20","40.68275","-74.16927","1.9","NEWARK LIBERTY INTERNATIONAL AIRPORT, NJ US","  35.6","24","  19.3","24","1028.1","24","027.1","24"," 10.0","24","  8.5","24"," 13.0"," 18.1","  42.1"," ","  30.0"," "," 0.00","G","999.9","000000"
"72502014734","2022-12-21","40.68275","-74.16927","1.9","NEWARK LIBERTY INTERNATIONAL AIRPORT, NJ US","  33.2","24","  19.8","24","1031.7","24","030.8","24"," 10.0","24","  5.5","24"," 11.1"," 17.1","  43.0"," ","  24.1"," "," 0.00","G","999.9","000000"
"72502014734","2022-12-22","40.68275","-74.16927","1.9","NEWARK LIBERTY INTERNATIONAL AIRPORT, NJ US","  37.0","24","  29.5","24","1028.9","21","027.7","24","  9.5","24","  6.1","24"," 11.1","999.9","  48.0"," ","  24.1"," "," 0.00","G","999.9","010000"
"72502014734","2022-12-23","40.68275","-74.16927","1.9","NEWARK LIBERTY INTERNATIONAL AIRPORT, NJ US","  46.3","24","  41.0","24"," 995.8","17","995.0","24","  7.5","24"," 15.5","24"," 28.9"," 39.0","  57.9","*","9999.9"," "," 1.46","G","999.9","011000"
"72502014734","2022-12-24","40.68275","-74.16927","1.9","NEWARK LIBERTY INTERNATIONAL AIRPORT, NJ US","  11.4","24","  -7.2","24","1007.0","24","006.1","24"," 10.0","24"," 19.6","24"," 27.0"," 38.1","  16.0","*","   8.1","*"," 0.08","G","999.9","000000"
"72502014734","2022-12-25","40.68275","-74.16927","1.9","NEWARK LIBERTY INTERNATIONAL AIRPORT, NJ US","  19.6","24","   2.4","24","1012.8","24","011.9","24"," 10.0","24"," 13.8","24"," 18.1"," 26.0","  30.0"," ","   8.1"," "," 0.00","G","999.9","000000"
"72502014734","2022-12-26","40.68275","-74.16927","1.9","NEWARK LIBERTY INTERNATIONAL AIRPORT, NJ US","  23.7","24","   5.6","24","1021.2","24","020.2","24"," 10.0","24"," 10.9","24"," 15.0"," 22.9","  30.9"," ","  14.0"," "," 0.00","G","999.9","000000"
"72502014734","2022-12-27","40.68275","-74.16927","1.9","NEWARK LIBERTY INTERNATIONAL AIRPORT, NJ US","  31.0","24","  11.6","24","1024.8","24","023.8","24"," 10.0","24","  8.8","24"," 11.1","999.9","  36.0"," ","  18.0"," "," 0.00","G","999.9","000000"
"72502014734","2022-12-28","40.68275","-74.16927","1.9","NEWARK LIBERTY INTERNATIONAL AIRPORT, NJ US","  37.7","24","  21.5","24","1026.2","24","025.3","24"," 10.0","24","  7.0","24"," 14.0"," 22.0","  48.9"," ","  28.0"," "," 0.00","G","999.9","000000"
"72502014734","2022-12-29","40.68275","-74.16927","1.9","NEWARK LIBERTY INTERNATIONAL AIRPORT, NJ US","  41.2","24","  25.5","24","1025.9","24","025.0","24"," 10.0","24","  5.7","24"," 12.0","999.9","  52.0"," ","  28.0"," "," 0.00","G","999.9","000000"
"72502014734","2022-12-30","40.68275","-74.16927","1.9","NEWARK LIBERTY INTERNATIONAL AIRPORT, NJ US","  47.9","24","  31.7","24","1025.1","24","024.1","24"," 10.0","24","  4.9","24","  8.0","999.9","  62.1"," ","  32.0"," "," 0.00","G","999.9","000000"
"72502014734","2022-12-31","40.68275","-74.16927","1.9","NEWARK LIBERTY INTERNATIONAL AIRPORT, NJ US","  50.6","24","  45.5","24","1018.4","22","017.5","24","  5.2","24","  1.2","24","  6.0","999.9","  62.1"," ","  39.0"," "," 0.00","G","999.9","110000"
